-- phpMyAdmin SQL Dump
-- version 5.2.1
-- https://www.phpmyadmin.net/
--
-- Host: 127.0.0.1:3308
-- Generation Time: Nov 15, 2023 at 07:57 AM
-- Server version: 10.4.28-MariaDB
-- PHP Version: 8.2.4

SET SQL_MODE = "NO_AUTO_VALUE_ON_ZERO";
START TRANSACTION;
SET time_zone = "+00:00";


/*!40101 SET @OLD_CHARACTER_SET_CLIENT=@@CHARACTER_SET_CLIENT */;
/*!40101 SET @OLD_CHARACTER_SET_RESULTS=@@CHARACTER_SET_RESULTS */;
/*!40101 SET @OLD_COLLATION_CONNECTION=@@COLLATION_CONNECTION */;
/*!40101 SET NAMES utf8mb4 */;

--
-- Database: `sunshine_dental`
--

-- --------------------------------------------------------

--
-- Table structure for table `appointments`
--

CREATE TABLE `appointments` (
  `AppointmentID` int(11) NOT NULL,
  `PatientID` int(11) DEFAULT NULL,
  `ServiceID` int(11) DEFAULT NULL,
  `Status` varchar(20) DEFAULT NULL,
  `SlotID` int(11) DEFAULT NULL
) ENGINE=InnoDB DEFAULT CHARSET=utf8mb4 COLLATE=utf8mb4_general_ci;

--
-- Dumping data for table `appointments`
--

INSERT INTO `appointments` (`AppointmentID`, `PatientID`, `ServiceID`, `Status`, `SlotID`) VALUES
(3, 13, 13, 'scheduled', 3),
(4, 12, 12, 'cancelled', 4),
(5, 11, 11, 'completed', 5),
(6, 32, 1, 'scheduled', 273),
(7, 32, 1, 'scheduled', 274),
(8, 32, 1, 'scheduled', 275),
(9, 32, 13, 'scheduled', 41),
(10, 32, 1, 'scheduled', 276),
(11, 32, 1, 'scheduled', 292),
(12, 32, 1, 'scheduled', 2008),
(13, 32, 13, 'scheduled', 1016),
(14, 32, 1, 'scheduled', 277),
(15, 32, 6, 'scheduled', 1022),
(16, 39, 2, 'scheduled', 3008);

-- --------------------------------------------------------

--
-- Table structure for table `dentists`
--

CREATE TABLE `dentists` (
  `DentistID` int(11) NOT NULL,
  `FirstName` varchar(255) NOT NULL,
  `LastName` varchar(255) NOT NULL,
  `Specialization` varchar(255) NOT NULL,
  `ContactInfo` varchar(255) DEFAULT NULL,
  `Email` varchar(255) NOT NULL,
  `Password` varchar(255) NOT NULL,
  `Experience` varchar(255) DEFAULT NULL,
  `imgsrc` varchar(255) DEFAULT NULL
) ENGINE=InnoDB DEFAULT CHARSET=utf8mb4 COLLATE=utf8mb4_general_ci;

--
-- Dumping data for table `dentists`
--

INSERT INTO `dentists` (`DentistID`, `FirstName`, `LastName`, `Specialization`, `ContactInfo`, `Email`, `Password`, `Experience`, `imgsrc`) VALUES
(1, 'Darren', 'Doe', 'Dental Implants', '+65 9362 4567', 'dr.doe@example.com', 'hashed_password1', 'Expert in dental implant procedures and restorative dentistry with over 20 years of experience.', 'images/doctor-1.png'),
(2, 'Julian', 'Lee', 'Braces Installation', '+65 9362 4568', 'dr.julian@example.com', 'hashed_password2', 'Specializing in braces installation, Dr. Lee provides comprehensive orthodontic care and smile alignment techniques.', 'images/doctor-2.png'),
(3, 'William', 'Homes', 'Teeth Cleaning and Polishing', '+65 9362 4569', 'dr.william@example.com', 'hashed_password3', 'With a focus on preventive care, Dr. Homes excels in teeth cleaning, polishing, and overall dental hygiene.', 'images/doctor-3.png'),
(4, 'Rachel', 'Grim', 'Root Canal', '+65 9362 4570', 'dr.rachel@example.com', 'hashed_password4', 'Dr. Green specializes in root canal therapy, aiming to preserve natural teeth and prevent tooth loss.', 'images/doctor-4.png'),
(5, 'Steven', 'Choi', 'Dental Implants', '+65 9362 4571', 'dr.steven@example.com', 'hashed_password5', 'Specialized in Dental Implant Fixing and Impacted Tooth Extraction', 'images/doctor-5.png'),
(6, 'Ashley', 'Khoo', 'Dentures', '+65 9362 4572', 'dr.ashley@example.com', 'hashed_password6', 'Dr. Khoo is an expert in dentures, focusing on restoring oral function through prosthetic solutions.', 'images/doctor-6.png'),
(7, 'Tiffany', 'Koh', 'Orthodontic Consultation', '+65 9362 4573', 'dr.tiffany@example.com', 'hashed_password7', 'Specialized in orthodontic consultations, Dr. Koh offers a range of corrective treatments including Invisalign and braces.', 'images/doctor-7.png'),
(8, 'Joseph', 'Liew', 'Crowns and Bridges', '+65 9362 4574', 'dr.joseph@example.com', 'hashed_password8', 'Dr. Liew excels in restoring smiles with crowns, bridges, and dental implants, blending aesthetics with function.', 'images/doctor-8.png'),
(9, 'Limous', 'Ng', 'Teeth Veneers', '+65 9123 4567', 'dr.limous@example.com', 'hashed_password1', 'Dr. Ng enhances smiles with custom teeth veneers, offering personalized cosmetic solutions.', 'images/doctor-9.png'),
(10, 'Tank', 'Bay', 'Oral Surgery', '+65 8234 5678', 'dr.tang@example.com', 'hashed_password2', 'With extensive training in oral surgery, Dr. Bay is equipped to handle complex dental and facial cases.', 'images/doctor-10.png'),
(11, 'Bob', 'Goh', 'Oral Surgery', '+65 9271 5678', 'dr.goh@example.com', 'hashed_password11', 'Dr. Goh specializes in advanced oral surgery techniques and patient-centered surgical care.', 'images/doctor-11.png'),
(12, 'Priscilla', 'Tay', 'Braces Installation', '+65 8143 4567', 'dr.tay@example.com', 'hashed_password12', 'Dr. Tay is dedicated to aligning teeth and improving bites with both traditional braces and modern aligners.', 'images/doctor-12.png'),
(13, 'Linus', 'Chua', 'Root Canal', '+65 9187 1234', 'dr.linus@example.com', 'hashed_password13', 'Dr. Chua is known for his gentle approach to root canal therapy, ensuring patient comfort and optimal outcomes.', 'images/doctor-13.png'),
(14, 'Tammy', 'Wong', 'Dental Implants', '+65 8562 9876', 'dr.tamwong@example.com', 'hashed_password14', 'Dr. Wong brings years of experience in dental implants, helping patients regain their full smile functionality.', 'images/doctor-14.png'),
(15, 'Marvis', 'Koh', 'Dentures', '+65 9362 4567', 'dr.marviskoh@example.com', 'hashed_password15', 'Dr. Marvis Koh specializes in creating custom dentures, focusing on fit, comfort, and natural appearance.', 'images/doctor-15.png'),
(6002, 'aa', 'aa', '', NULL, 'a@a', '47bce5c74f589f4867dbd57e9ca9f808', NULL, NULL),
(6003, 'honey', 'win', '', NULL, 'honey@wn.com', '17ef517fad6686e1c67fba09fdc39b37', NULL, NULL),
(6004, 'test1', 'test1', '', NULL, 'test1@test.com', 'fb57f002240688cc9d5d11eacf8cee4b', NULL, NULL);

-- --------------------------------------------------------

--
-- Table structure for table `dentistservices`
--

CREATE TABLE `dentistservices` (
  `DentistID` int(11) NOT NULL,
  `ServiceID` int(11) NOT NULL
) ENGINE=InnoDB DEFAULT CHARSET=utf8mb4 COLLATE=utf8mb4_general_ci;

--
-- Dumping data for table `dentistservices`
--

INSERT INTO `dentistservices` (`DentistID`, `ServiceID`) VALUES
(1, 1),
(1, 2),
(1, 3),
(1, 6),
(1, 8),
(1, 10),
(1, 11),
(1, 13),
(2, 1),
(2, 2),
(2, 3),
(2, 4),
(2, 8),
(2, 10),
(2, 11),
(2, 13),
(3, 1),
(3, 2),
(3, 3),
(3, 8),
(3, 10),
(3, 11),
(3, 13),
(4, 1),
(4, 2),
(4, 3),
(4, 5),
(4, 8),
(4, 10),
(4, 11),
(4, 13),
(5, 1),
(5, 2),
(5, 3),
(5, 6),
(5, 8),
(5, 10),
(5, 11),
(5, 13),
(6, 1),
(6, 2),
(6, 3),
(6, 7),
(6, 8),
(6, 10),
(6, 11),
(6, 13),
(7, 1),
(7, 2),
(7, 3),
(7, 8),
(7, 9),
(7, 10),
(7, 11),
(7, 13),
(8, 1),
(8, 2),
(8, 3),
(8, 8),
(8, 10),
(8, 11),
(8, 12),
(8, 13),
(9, 1),
(9, 2),
(9, 3),
(9, 8),
(9, 10),
(9, 11),
(9, 13),
(9, 14),
(10, 1),
(10, 2),
(10, 3),
(10, 8),
(10, 10),
(10, 11),
(10, 13),
(10, 15),
(11, 1),
(11, 2),
(11, 3),
(11, 8),
(11, 10),
(11, 11),
(11, 13),
(11, 15),
(12, 1),
(12, 2),
(12, 3),
(12, 4),
(12, 8),
(12, 10),
(12, 11),
(12, 13),
(13, 1),
(13, 2),
(13, 3),
(13, 5),
(13, 8),
(13, 10),
(13, 11),
(13, 13),
(14, 1),
(14, 2),
(14, 3),
(14, 6),
(14, 8),
(14, 10),
(14, 11),
(14, 13),
(15, 1),
(15, 2),
(15, 3),
(15, 7),
(15, 8),
(15, 10),
(15, 11),
(15, 13);

-- --------------------------------------------------------

--
-- Table structure for table `patients`
--

CREATE TABLE `patients` (
  `PatientID` int(11) NOT NULL,
  `FirstName` varchar(255) NOT NULL,
  `LastName` varchar(255) NOT NULL,
  `ContactInfo` varchar(255) DEFAULT NULL,
  `Email` varchar(255) NOT NULL,
  `Password` varchar(255) NOT NULL
) ENGINE=InnoDB DEFAULT CHARSET=utf8mb4 COLLATE=utf8mb4_general_ci;

--
-- Dumping data for table `patients`
--

INSERT INTO `patients` (`PatientID`, `FirstName`, `LastName`, `ContactInfo`, `Email`, `Password`) VALUES
(1, 'Elias', 'Tan', '+65 9123 4567', 'elias@example.com', 'hashed_password1'),
(2, 'Alya', 'Lim', '+65 8234 5678', 'alya@example.com', 'hashed_password2'),
(3, 'Rayan', 'Ng', '+65 8765 4321', 'rayan@example.com', 'hashed_password3'),
(4, 'Zara', 'Koh', '+65 9321 7890', 'zara@example.com', 'hashed_password4'),
(5, 'Aiden', 'Wong', '+65 9456 1234', 'aiden@example.com', 'hashed_password5'),
(6, 'Maya', 'Teo', '+65 9123 7890', 'maya@example.com', 'hashed_password6'),
(7, 'Daniel', 'Chua', '+65 8234 5678', 'daniel@example.com', 'hashed_password7'),
(8, 'Zoey', 'Tan', '+65 8123 4567', 'zoey@example.com', 'hashed_password8'),
(9, 'Nathan', 'Goh', '+65 9345 6123', 'nathan@example.com', 'hashed_password9'),
(10, 'Sophia', 'Lim', '+65 8156 2378', 'sophia@example.com', 'hashed_password10'),
(11, 'Liam', 'Ong', '+65 9271 5678', 'liam@example.com', 'hashed_password11'),
(12, 'Olivia', 'Koh', '+65 8143 4567', 'olivia@example.com', 'hashed_password12'),
(13, 'Ethan', 'Wong', '+65 9187 1234', 'ethan@example.com', 'hashed_password13'),
(14, 'Mia', 'Neo', '+65 8562 9876', 'mia@example.com', 'hashed_password14'),
(15, 'Emma', 'Chen', '+65 9362 4567', 'emma@example.com', 'hashed_password15'),
(31, 'Mina', 'Kwon', '+6581234567', 'minakwon@eg.com', '$2y$10$Hp1OUnHC4UQnjx5SBCyj5.fJ.FBTrSmK8QMP44zJ4gBzZEJO3cOj.'),
(32, 'A', 'A', '+6581231234', 'a@a', 'a'),
(33, 'a', 'a', '+6581234567', 'q@q', '$2y$10$57qPpTIAgkQxoVuc3X1Lo.LffaNi6EbDt5UcNULLceaCXIbAsvwQC'),
(35, 'hi', 'a', '+6581234567', 'p@p', 'p'),
(36, 'b', 'Kwon', '+6581231234', 'b@b', 'b'),
(37, '1', '1', '+6581231234', 'p@p.com', '12345a'),
(38, 'b', 'b', '+6581234567', 'b@c.com', '123451a'),
(39, 'test', 'test', 'test', 'test@test.com', 'T12345');

-- --------------------------------------------------------

--
-- Table structure for table `services`
--

CREATE TABLE `services` (
  `ServiceID` int(11) NOT NULL,
  `ServiceName` varchar(255) NOT NULL,
  `Description` text NOT NULL,
  `Cost` decimal(10,2) NOT NULL
) ENGINE=InnoDB DEFAULT CHARSET=utf8mb4 COLLATE=utf8mb4_general_ci;

--
-- Dumping data for table `services`
--

INSERT INTO `services` (`ServiceID`, `ServiceName`, `Description`, `Cost`) VALUES
(1, 'Dental Cleaning', 'Routine dental cleaning and checkup', 100.00),
(2, 'Cavity Filling', 'Treatment for tooth cavities', 150.00),
(3, 'Teeth Whitening', 'Professional teeth whitening procedure', 200.00),
(4, 'Braces Installation', 'Orthodontic treatment with braces', 2500.00),
(5, 'Root Canal', 'Treatment for infected tooth pulp', 350.00),
(6, 'Dental Implants', 'Implant surgery for missing teeth', 1200.00),
(7, 'Dentures', 'Removable dental prosthetics', 800.00),
(8, 'Tooth Extraction', 'Removal of a problematic tooth', 100.00),
(9, 'Orthodontic Consultation', 'Consultation for orthodontic treatment', 50.00),
(10, 'Gum Surgery', 'Surgical treatment for gum issues', 400.00),
(11, 'Dental X-Rays', 'Radiography for dental diagnostics', 80.00),
(12, 'Crowns and Bridges', 'Restoration of damaged teeth', 300.00),
(13, 'Teeth Cleaning and Polishing', 'Cleaning and polishing for teeth', 60.00),
(14, 'Teeth Veneers', 'Custom-made veneers for tooth aesthetics', 350.00),
(15, 'Oral Surgery', 'Surgical procedures for oral health', 700.00);

-- --------------------------------------------------------

--
-- Table structure for table `timeslots`
--

CREATE TABLE `timeslots` (
  `SlotID` int(11) NOT NULL,
  `DentistID` int(11) NOT NULL,
  `SlotDateTime` datetime NOT NULL,
  `IsBooked` tinyint(1) NOT NULL DEFAULT 0
) ENGINE=InnoDB DEFAULT CHARSET=utf8mb4 COLLATE=utf8mb4_general_ci;

--
-- Dumping data for table `timeslots`
--

INSERT INTO `timeslots` (`SlotID`, `DentistID`, `SlotDateTime`, `IsBooked`) VALUES
(1, 15, '2023-12-01 10:00:00', 0),
(2, 15, '2023-12-01 11:00:00', 0),
(3, 15, '2023-12-01 12:00:00', 1),
(4, 14, '2023-12-02 10:30:00', 1),
(5, 15, '2023-12-02 11:30:00', 1),
(6, 15, '2023-12-02 13:30:00', 0),
(7, 15, '2023-12-03 09:00:00', 0),
(8, 15, '2023-12-03 10:00:00', 0),
(9, 15, '2023-12-03 11:00:00', 0),
(10, 15, '2023-12-04 14:00:00', 0),
(11, 15, '2023-12-04 15:00:00', 0),
(12, 15, '2023-12-04 16:00:00', 0),
(13, 15, '2023-12-05 13:00:00', 0),
(14, 15, '2023-12-05 14:00:00', 0),
(15, 15, '2023-12-05 15:00:00', 0),
(16, 1, '2023-11-14 09:00:00', 0),
(17, 1, '2023-11-14 10:00:00', 0),
(18, 1, '2023-11-14 11:00:00', 0),
(19, 1, '2023-11-14 12:00:00', 0),
(20, 1, '2023-11-14 13:00:00', 0),
(21, 1, '2023-11-14 14:00:00', 0),
(22, 1, '2023-11-14 15:00:00', 0),
(23, 1, '2023-11-14 16:00:00', 0),
(24, 1, '2023-11-15 09:00:00', 0),
(25, 1, '2023-11-15 10:00:00', 0),
(26, 1, '2023-11-15 11:00:00', 0),
(27, 1, '2023-11-15 12:00:00', 0),
(28, 1, '2023-11-15 13:00:00', 0),
(29, 1, '2023-11-15 14:00:00', 0),
(30, 1, '2023-11-15 15:00:00', 0),
(31, 1, '2023-11-15 16:00:00', 0),
(32, 1, '2023-11-16 09:00:00', 0),
(33, 1, '2023-11-16 10:00:00', 0),
(34, 1, '2023-11-16 11:00:00', 0),
(35, 1, '2023-11-16 12:00:00', 0),
(36, 1, '2023-11-16 13:00:00', 0),
(37, 1, '2023-11-16 14:00:00', 0),
(38, 1, '2023-11-16 15:00:00', 0),
(39, 1, '2023-11-16 16:00:00', 0),
(40, 1, '2023-11-17 09:00:00', 0),
(41, 1, '2023-11-17 10:00:00', 1),
(42, 1, '2023-11-17 11:00:00', 0),
(43, 1, '2023-11-17 12:00:00', 0),
(44, 1, '2023-11-17 13:00:00', 0),
(45, 1, '2023-11-17 14:00:00', 0),
(46, 1, '2023-11-17 15:00:00', 0),
(47, 1, '2023-11-17 16:00:00', 0),
(48, 1, '2023-11-18 09:00:00', 0),
(49, 1, '2023-11-18 10:00:00', 0),
(50, 1, '2023-11-18 11:00:00', 0),
(51, 1, '2023-11-18 12:00:00', 0),
(52, 1, '2023-11-18 13:00:00', 0),
(53, 1, '2023-11-18 14:00:00', 0),
(54, 1, '2023-11-18 15:00:00', 0),
(55, 1, '2023-11-18 16:00:00', 0),
(56, 1, '2023-11-19 09:00:00', 0),
(57, 1, '2023-11-19 10:00:00', 0),
(58, 1, '2023-11-19 11:00:00', 0),
(59, 1, '2023-11-19 12:00:00', 0),
(60, 1, '2023-11-19 13:00:00', 0),
(61, 1, '2023-11-19 14:00:00', 0),
(62, 1, '2023-11-19 15:00:00', 0),
(63, 1, '2023-11-19 16:00:00', 0),
(64, 1, '2023-11-20 09:00:00', 0),
(65, 1, '2023-11-20 10:00:00', 0),
(66, 1, '2023-11-20 11:00:00', 0),
(67, 1, '2023-11-20 12:00:00', 0),
(68, 1, '2023-11-20 13:00:00', 0),
(69, 1, '2023-11-20 14:00:00', 0),
(70, 1, '2023-11-20 15:00:00', 0),
(71, 1, '2023-11-20 16:00:00', 0),
(72, 1, '2023-11-21 09:00:00', 0),
(73, 1, '2023-11-21 10:00:00', 0),
(74, 1, '2023-11-21 11:00:00', 0),
(75, 1, '2023-11-21 12:00:00', 0),
(76, 1, '2023-11-21 13:00:00', 0),
(77, 1, '2023-11-21 14:00:00', 0),
(78, 1, '2023-11-21 15:00:00', 0),
(79, 1, '2023-11-21 16:00:00', 0),
(80, 1, '2023-11-22 09:00:00', 0),
(81, 1, '2023-11-22 10:00:00', 0),
(82, 1, '2023-11-22 11:00:00', 0),
(83, 1, '2023-11-22 12:00:00', 0),
(84, 1, '2023-11-22 13:00:00', 0),
(85, 1, '2023-11-22 14:00:00', 0),
(86, 1, '2023-11-22 15:00:00', 0),
(87, 1, '2023-11-22 16:00:00', 0),
(88, 1, '2023-11-23 09:00:00', 0),
(89, 1, '2023-11-23 10:00:00', 0),
(90, 1, '2023-11-23 11:00:00', 0),
(91, 1, '2023-11-23 12:00:00', 0),
(92, 1, '2023-11-23 13:00:00', 0),
(93, 1, '2023-11-23 14:00:00', 0),
(94, 1, '2023-11-23 15:00:00', 0),
(95, 1, '2023-11-23 16:00:00', 0),
(96, 1, '2023-11-24 09:00:00', 0),
(97, 1, '2023-11-24 10:00:00', 0),
(98, 1, '2023-11-24 11:00:00', 0),
(99, 1, '2023-11-24 12:00:00', 0),
(100, 1, '2023-11-24 13:00:00', 0),
(101, 1, '2023-11-24 14:00:00', 0),
(102, 1, '2023-11-24 15:00:00', 0),
(103, 1, '2023-11-24 16:00:00', 0),
(104, 1, '2023-11-25 09:00:00', 0),
(105, 1, '2023-11-25 10:00:00', 0),
(106, 1, '2023-11-25 11:00:00', 0),
(107, 1, '2023-11-25 12:00:00', 0),
(108, 1, '2023-11-25 13:00:00', 0),
(109, 1, '2023-11-25 14:00:00', 0),
(110, 1, '2023-11-25 15:00:00', 0),
(111, 1, '2023-11-25 16:00:00', 0),
(112, 1, '2023-11-26 09:00:00', 0),
(113, 1, '2023-11-26 10:00:00', 0),
(114, 1, '2023-11-26 11:00:00', 0),
(115, 1, '2023-11-26 12:00:00', 0),
(116, 1, '2023-11-26 13:00:00', 0),
(117, 1, '2023-11-26 14:00:00', 0),
(118, 1, '2023-11-26 15:00:00', 0),
(119, 1, '2023-11-26 16:00:00', 0),
(120, 1, '2023-11-27 09:00:00', 0),
(121, 1, '2023-11-27 10:00:00', 0),
(122, 1, '2023-11-27 11:00:00', 0),
(123, 1, '2023-11-27 12:00:00', 0),
(124, 1, '2023-11-27 13:00:00', 0),
(125, 1, '2023-11-27 14:00:00', 0),
(126, 1, '2023-11-27 15:00:00', 0),
(127, 1, '2023-11-27 16:00:00', 0),
(128, 1, '2023-11-28 09:00:00', 0),
(129, 1, '2023-11-28 10:00:00', 0),
(130, 1, '2023-11-28 11:00:00', 0),
(131, 1, '2023-11-28 12:00:00', 0),
(132, 1, '2023-11-28 13:00:00', 0),
(133, 1, '2023-11-28 14:00:00', 0),
(134, 1, '2023-11-28 15:00:00', 0),
(135, 1, '2023-11-28 16:00:00', 0),
(136, 1, '2023-11-29 09:00:00', 0),
(137, 1, '2023-11-29 10:00:00', 0),
(138, 1, '2023-11-29 11:00:00', 0),
(139, 1, '2023-11-29 12:00:00', 0),
(140, 1, '2023-11-29 13:00:00', 0),
(141, 1, '2023-11-29 14:00:00', 0),
(142, 1, '2023-11-29 15:00:00', 0),
(143, 1, '2023-11-29 16:00:00', 0),
(144, 1, '2023-11-30 09:00:00', 0),
(145, 1, '2023-11-30 10:00:00', 0),
(146, 1, '2023-11-30 11:00:00', 0),
(147, 1, '2023-11-30 12:00:00', 0),
(148, 1, '2023-11-30 13:00:00', 0),
(149, 1, '2023-11-30 14:00:00', 0),
(150, 1, '2023-11-30 15:00:00', 0),
(151, 1, '2023-11-30 16:00:00', 0),
(152, 1, '2023-12-01 09:00:00', 0),
(153, 1, '2023-12-01 10:00:00', 0),
(154, 1, '2023-12-01 11:00:00', 0),
(155, 1, '2023-12-01 12:00:00', 0),
(156, 1, '2023-12-01 13:00:00', 0),
(157, 1, '2023-12-01 14:00:00', 0),
(158, 1, '2023-12-01 15:00:00', 0),
(159, 1, '2023-12-01 16:00:00', 0),
(160, 1, '2023-12-02 09:00:00', 0),
(161, 1, '2023-12-02 10:00:00', 0),
(162, 1, '2023-12-02 11:00:00', 0),
(163, 1, '2023-12-02 12:00:00', 0),
(164, 1, '2023-12-02 13:00:00', 0),
(165, 1, '2023-12-02 14:00:00', 0),
(166, 1, '2023-12-02 15:00:00', 0),
(167, 1, '2023-12-02 16:00:00', 0),
(168, 1, '2023-12-03 09:00:00', 0),
(169, 1, '2023-12-03 10:00:00', 0),
(170, 1, '2023-12-03 11:00:00', 0),
(171, 1, '2023-12-03 12:00:00', 0),
(172, 1, '2023-12-03 13:00:00', 0),
(173, 1, '2023-12-03 14:00:00', 0),
(174, 1, '2023-12-03 15:00:00', 0),
(175, 1, '2023-12-03 16:00:00', 0),
(176, 1, '2023-12-04 09:00:00', 0),
(177, 1, '2023-12-04 10:00:00', 0),
(178, 1, '2023-12-04 11:00:00', 0),
(179, 1, '2023-12-04 12:00:00', 0),
(180, 1, '2023-12-04 13:00:00', 0),
(181, 1, '2023-12-04 14:00:00', 0),
(182, 1, '2023-12-04 15:00:00', 0),
(183, 1, '2023-12-04 16:00:00', 0),
(184, 1, '2023-12-05 09:00:00', 0),
(185, 1, '2023-12-05 10:00:00', 0),
(186, 1, '2023-12-05 11:00:00', 0),
(187, 1, '2023-12-05 12:00:00', 0),
(188, 1, '2023-12-05 13:00:00', 0),
(189, 1, '2023-12-05 14:00:00', 0),
(190, 1, '2023-12-05 15:00:00', 0),
(191, 1, '2023-12-05 16:00:00', 0),
(192, 1, '2023-12-06 09:00:00', 0),
(193, 1, '2023-12-06 10:00:00', 0),
(194, 1, '2023-12-06 11:00:00', 0),
(195, 1, '2023-12-06 12:00:00', 0),
(196, 1, '2023-12-06 13:00:00', 0),
(197, 1, '2023-12-06 14:00:00', 0),
(198, 1, '2023-12-06 15:00:00', 0),
(199, 1, '2023-12-06 16:00:00', 0),
(200, 1, '2023-12-07 09:00:00', 0),
(201, 1, '2023-12-07 10:00:00', 0),
(202, 1, '2023-12-07 11:00:00', 0),
(203, 1, '2023-12-07 12:00:00', 0),
(204, 1, '2023-12-07 13:00:00', 0),
(205, 1, '2023-12-07 14:00:00', 0),
(206, 1, '2023-12-07 15:00:00', 0),
(207, 1, '2023-12-07 16:00:00', 0),
(208, 1, '2023-12-08 09:00:00', 0),
(209, 1, '2023-12-08 10:00:00', 0),
(210, 1, '2023-12-08 11:00:00', 0),
(211, 1, '2023-12-08 12:00:00', 0),
(212, 1, '2023-12-08 13:00:00', 0),
(213, 1, '2023-12-08 14:00:00', 0),
(214, 1, '2023-12-08 15:00:00', 0),
(215, 1, '2023-12-08 16:00:00', 0),
(216, 1, '2023-12-09 09:00:00', 0),
(217, 1, '2023-12-09 10:00:00', 0),
(218, 1, '2023-12-09 11:00:00', 0),
(219, 1, '2023-12-09 12:00:00', 0),
(220, 1, '2023-12-09 13:00:00', 0),
(221, 1, '2023-12-09 14:00:00', 0),
(222, 1, '2023-12-09 15:00:00', 0),
(223, 1, '2023-12-09 16:00:00', 0),
(224, 1, '2023-12-10 09:00:00', 0),
(225, 1, '2023-12-10 10:00:00', 0),
(226, 1, '2023-12-10 11:00:00', 0),
(227, 1, '2023-12-10 12:00:00', 0),
(228, 1, '2023-12-10 13:00:00', 0),
(229, 1, '2023-12-10 14:00:00', 0),
(230, 1, '2023-12-10 15:00:00', 0),
(231, 1, '2023-12-10 16:00:00', 0),
(232, 1, '2023-12-11 09:00:00', 0),
(233, 1, '2023-12-11 10:00:00', 0),
(234, 1, '2023-12-11 11:00:00', 0),
(235, 1, '2023-12-11 12:00:00', 0),
(236, 1, '2023-12-11 13:00:00', 0),
(237, 1, '2023-12-11 14:00:00', 0),
(238, 1, '2023-12-11 15:00:00', 0),
(239, 1, '2023-12-11 16:00:00', 0),
(240, 1, '2023-12-12 09:00:00', 0),
(241, 1, '2023-12-12 10:00:00', 0),
(242, 1, '2023-12-12 11:00:00', 0),
(243, 1, '2023-12-12 12:00:00', 0),
(244, 1, '2023-12-12 13:00:00', 0),
(245, 1, '2023-12-12 14:00:00', 0),
(246, 1, '2023-12-12 15:00:00', 0),
(247, 1, '2023-12-12 16:00:00', 0),
(248, 1, '2023-12-13 09:00:00', 0),
(249, 1, '2023-12-13 10:00:00', 0),
(250, 1, '2023-12-13 11:00:00', 0),
(251, 1, '2023-12-13 12:00:00', 0),
(252, 1, '2023-12-13 13:00:00', 0),
(253, 1, '2023-12-13 14:00:00', 0),
(254, 1, '2023-12-13 15:00:00', 0),
(255, 1, '2023-12-13 16:00:00', 0),
(256, 1, '2023-12-14 09:00:00', 0),
(257, 1, '2023-12-14 10:00:00', 0),
(258, 1, '2023-12-14 11:00:00', 0),
(259, 1, '2023-12-14 12:00:00', 0),
(260, 1, '2023-12-14 13:00:00', 0),
(261, 1, '2023-12-14 14:00:00', 0),
(262, 1, '2023-12-14 15:00:00', 0),
(263, 1, '2023-12-14 16:00:00', 0),
(264, 2, '2023-11-14 09:00:00', 0),
(265, 2, '2023-11-14 10:00:00', 0),
(266, 2, '2023-11-14 11:00:00', 0),
(267, 2, '2023-11-14 12:00:00', 0),
(268, 2, '2023-11-14 13:00:00', 0),
(269, 2, '2023-11-14 14:00:00', 0),
(270, 2, '2023-11-14 15:00:00', 0),
(271, 2, '2023-11-14 16:00:00', 0),
(272, 2, '2023-11-15 09:00:00', 0),
(273, 2, '2023-11-15 10:00:00', 1),
(274, 2, '2023-11-15 11:00:00', 1),
(275, 2, '2023-11-15 12:00:00', 1),
(276, 2, '2023-11-15 13:00:00', 1),
(277, 2, '2023-11-15 14:00:00', 1),
(278, 2, '2023-11-15 15:00:00', 0),
(279, 2, '2023-11-15 16:00:00', 0),
(280, 2, '2023-11-16 09:00:00', 0),
(281, 2, '2023-11-16 10:00:00', 0),
(282, 2, '2023-11-16 11:00:00', 0),
(283, 2, '2023-11-16 12:00:00', 0),
(284, 2, '2023-11-16 13:00:00', 0),
(285, 2, '2023-11-16 14:00:00', 0),
(286, 2, '2023-11-16 15:00:00', 0),
(287, 2, '2023-11-16 16:00:00', 0),
(288, 2, '2023-11-17 09:00:00', 0),
(289, 2, '2023-11-17 10:00:00', 0),
(290, 2, '2023-11-17 11:00:00', 0),
(291, 2, '2023-11-17 12:00:00', 0),
(292, 2, '2023-11-17 13:00:00', 1),
(293, 2, '2023-11-17 14:00:00', 0),
(294, 2, '2023-11-17 15:00:00', 0),
(295, 2, '2023-11-17 16:00:00', 0),
(296, 2, '2023-11-18 09:00:00', 0),
(297, 2, '2023-11-18 10:00:00', 0),
(298, 2, '2023-11-18 11:00:00', 0),
(299, 2, '2023-11-18 12:00:00', 0),
(300, 2, '2023-11-18 13:00:00', 0),
(301, 2, '2023-11-18 14:00:00', 0),
(302, 2, '2023-11-18 15:00:00', 0),
(303, 2, '2023-11-18 16:00:00', 0),
(304, 2, '2023-11-19 09:00:00', 0),
(305, 2, '2023-11-19 10:00:00', 0),
(306, 2, '2023-11-19 11:00:00', 0),
(307, 2, '2023-11-19 12:00:00', 0),
(308, 2, '2023-11-19 13:00:00', 0),
(309, 2, '2023-11-19 14:00:00', 0),
(310, 2, '2023-11-19 15:00:00', 0),
(311, 2, '2023-11-19 16:00:00', 0),
(312, 2, '2023-11-20 09:00:00', 0),
(313, 2, '2023-11-20 10:00:00', 0),
(314, 2, '2023-11-20 11:00:00', 0),
(315, 2, '2023-11-20 12:00:00', 0),
(316, 2, '2023-11-20 13:00:00', 0),
(317, 2, '2023-11-20 14:00:00', 0),
(318, 2, '2023-11-20 15:00:00', 0),
(319, 2, '2023-11-20 16:00:00', 0),
(320, 2, '2023-11-21 09:00:00', 0),
(321, 2, '2023-11-21 10:00:00', 0),
(322, 2, '2023-11-21 11:00:00', 0),
(323, 2, '2023-11-21 12:00:00', 0),
(324, 2, '2023-11-21 13:00:00', 0),
(325, 2, '2023-11-21 14:00:00', 0),
(326, 2, '2023-11-21 15:00:00', 0),
(327, 2, '2023-11-21 16:00:00', 0),
(328, 2, '2023-11-22 09:00:00', 0),
(329, 2, '2023-11-22 10:00:00', 0),
(330, 2, '2023-11-22 11:00:00', 0),
(331, 2, '2023-11-22 12:00:00', 0),
(332, 2, '2023-11-22 13:00:00', 0),
(333, 2, '2023-11-22 14:00:00', 0),
(334, 2, '2023-11-22 15:00:00', 0),
(335, 2, '2023-11-22 16:00:00', 0),
(336, 2, '2023-11-23 09:00:00', 0),
(337, 2, '2023-11-23 10:00:00', 0),
(338, 2, '2023-11-23 11:00:00', 0),
(339, 2, '2023-11-23 12:00:00', 0),
(340, 2, '2023-11-23 13:00:00', 0),
(341, 2, '2023-11-23 14:00:00', 0),
(342, 2, '2023-11-23 15:00:00', 0),
(343, 2, '2023-11-23 16:00:00', 0),
(344, 2, '2023-11-24 09:00:00', 0),
(345, 2, '2023-11-24 10:00:00', 0),
(346, 2, '2023-11-24 11:00:00', 0),
(347, 2, '2023-11-24 12:00:00', 0),
(348, 2, '2023-11-24 13:00:00', 0),
(349, 2, '2023-11-24 14:00:00', 0),
(350, 2, '2023-11-24 15:00:00', 0),
(351, 2, '2023-11-24 16:00:00', 0),
(352, 2, '2023-11-25 09:00:00', 0),
(353, 2, '2023-11-25 10:00:00', 0),
(354, 2, '2023-11-25 11:00:00', 0),
(355, 2, '2023-11-25 12:00:00', 0),
(356, 2, '2023-11-25 13:00:00', 0),
(357, 2, '2023-11-25 14:00:00', 0),
(358, 2, '2023-11-25 15:00:00', 0),
(359, 2, '2023-11-25 16:00:00', 0),
(360, 2, '2023-11-26 09:00:00', 0),
(361, 2, '2023-11-26 10:00:00', 0),
(362, 2, '2023-11-26 11:00:00', 0),
(363, 2, '2023-11-26 12:00:00', 0),
(364, 2, '2023-11-26 13:00:00', 0),
(365, 2, '2023-11-26 14:00:00', 0),
(366, 2, '2023-11-26 15:00:00', 0),
(367, 2, '2023-11-26 16:00:00', 0),
(368, 2, '2023-11-27 09:00:00', 0),
(369, 2, '2023-11-27 10:00:00', 0),
(370, 2, '2023-11-27 11:00:00', 0),
(371, 2, '2023-11-27 12:00:00', 0),
(372, 2, '2023-11-27 13:00:00', 0),
(373, 2, '2023-11-27 14:00:00', 0),
(374, 2, '2023-11-27 15:00:00', 0),
(375, 2, '2023-11-27 16:00:00', 0),
(376, 2, '2023-11-28 09:00:00', 0),
(377, 2, '2023-11-28 10:00:00', 0),
(378, 2, '2023-11-28 11:00:00', 0),
(379, 2, '2023-11-28 12:00:00', 0),
(380, 2, '2023-11-28 13:00:00', 0),
(381, 2, '2023-11-28 14:00:00', 0),
(382, 2, '2023-11-28 15:00:00', 0),
(383, 2, '2023-11-28 16:00:00', 0),
(384, 2, '2023-11-29 09:00:00', 0),
(385, 2, '2023-11-29 10:00:00', 0),
(386, 2, '2023-11-29 11:00:00', 0),
(387, 2, '2023-11-29 12:00:00', 0),
(388, 2, '2023-11-29 13:00:00', 0),
(389, 2, '2023-11-29 14:00:00', 0),
(390, 2, '2023-11-29 15:00:00', 0),
(391, 2, '2023-11-29 16:00:00', 0),
(392, 2, '2023-11-30 09:00:00', 0),
(393, 2, '2023-11-30 10:00:00', 0),
(394, 2, '2023-11-30 11:00:00', 0),
(395, 2, '2023-11-30 12:00:00', 0),
(396, 2, '2023-11-30 13:00:00', 0),
(397, 2, '2023-11-30 14:00:00', 0),
(398, 2, '2023-11-30 15:00:00', 0),
(399, 2, '2023-11-30 16:00:00', 0),
(400, 2, '2023-12-01 09:00:00', 0),
(401, 2, '2023-12-01 10:00:00', 0),
(402, 2, '2023-12-01 11:00:00', 0),
(403, 2, '2023-12-01 12:00:00', 0),
(404, 2, '2023-12-01 13:00:00', 0),
(405, 2, '2023-12-01 14:00:00', 0),
(406, 2, '2023-12-01 15:00:00', 0),
(407, 2, '2023-12-01 16:00:00', 0),
(408, 2, '2023-12-02 09:00:00', 0),
(409, 2, '2023-12-02 10:00:00', 0),
(410, 2, '2023-12-02 11:00:00', 0),
(411, 2, '2023-12-02 12:00:00', 0),
(412, 2, '2023-12-02 13:00:00', 0),
(413, 2, '2023-12-02 14:00:00', 0),
(414, 2, '2023-12-02 15:00:00', 0),
(415, 2, '2023-12-02 16:00:00', 0),
(416, 2, '2023-12-03 09:00:00', 0),
(417, 2, '2023-12-03 10:00:00', 0),
(418, 2, '2023-12-03 11:00:00', 0),
(419, 2, '2023-12-03 12:00:00', 0),
(420, 2, '2023-12-03 13:00:00', 0),
(421, 2, '2023-12-03 14:00:00', 0),
(422, 2, '2023-12-03 15:00:00', 0),
(423, 2, '2023-12-03 16:00:00', 0),
(424, 2, '2023-12-04 09:00:00', 0),
(425, 2, '2023-12-04 10:00:00', 0),
(426, 2, '2023-12-04 11:00:00', 0),
(427, 2, '2023-12-04 12:00:00', 0),
(428, 2, '2023-12-04 13:00:00', 0),
(429, 2, '2023-12-04 14:00:00', 0),
(430, 2, '2023-12-04 15:00:00', 0),
(431, 2, '2023-12-04 16:00:00', 0),
(432, 2, '2023-12-05 09:00:00', 0),
(433, 2, '2023-12-05 10:00:00', 0),
(434, 2, '2023-12-05 11:00:00', 0),
(435, 2, '2023-12-05 12:00:00', 0),
(436, 2, '2023-12-05 13:00:00', 0),
(437, 2, '2023-12-05 14:00:00', 0),
(438, 2, '2023-12-05 15:00:00', 0),
(439, 2, '2023-12-05 16:00:00', 0),
(440, 2, '2023-12-06 09:00:00', 0),
(441, 2, '2023-12-06 10:00:00', 0),
(442, 2, '2023-12-06 11:00:00', 0),
(443, 2, '2023-12-06 12:00:00', 0),
(444, 2, '2023-12-06 13:00:00', 0),
(445, 2, '2023-12-06 14:00:00', 0),
(446, 2, '2023-12-06 15:00:00', 0),
(447, 2, '2023-12-06 16:00:00', 0),
(448, 2, '2023-12-07 09:00:00', 0),
(449, 2, '2023-12-07 10:00:00', 0),
(450, 2, '2023-12-07 11:00:00', 0),
(451, 2, '2023-12-07 12:00:00', 0),
(452, 2, '2023-12-07 13:00:00', 0),
(453, 2, '2023-12-07 14:00:00', 0),
(454, 2, '2023-12-07 15:00:00', 0),
(455, 2, '2023-12-07 16:00:00', 0),
(456, 2, '2023-12-08 09:00:00', 0),
(457, 2, '2023-12-08 10:00:00', 0),
(458, 2, '2023-12-08 11:00:00', 0),
(459, 2, '2023-12-08 12:00:00', 0),
(460, 2, '2023-12-08 13:00:00', 0),
(461, 2, '2023-12-08 14:00:00', 0),
(462, 2, '2023-12-08 15:00:00', 0),
(463, 2, '2023-12-08 16:00:00', 0),
(464, 2, '2023-12-09 09:00:00', 0),
(465, 2, '2023-12-09 10:00:00', 0),
(466, 2, '2023-12-09 11:00:00', 0),
(467, 2, '2023-12-09 12:00:00', 0),
(468, 2, '2023-12-09 13:00:00', 0),
(469, 2, '2023-12-09 14:00:00', 0),
(470, 2, '2023-12-09 15:00:00', 0),
(471, 2, '2023-12-09 16:00:00', 0),
(472, 2, '2023-12-10 09:00:00', 0),
(473, 2, '2023-12-10 10:00:00', 0),
(474, 2, '2023-12-10 11:00:00', 0),
(475, 2, '2023-12-10 12:00:00', 0),
(476, 2, '2023-12-10 13:00:00', 0),
(477, 2, '2023-12-10 14:00:00', 0),
(478, 2, '2023-12-10 15:00:00', 0),
(479, 2, '2023-12-10 16:00:00', 0),
(480, 2, '2023-12-11 09:00:00', 0),
(481, 2, '2023-12-11 10:00:00', 0),
(482, 2, '2023-12-11 11:00:00', 0),
(483, 2, '2023-12-11 12:00:00', 0),
(484, 2, '2023-12-11 13:00:00', 0),
(485, 2, '2023-12-11 14:00:00', 0),
(486, 2, '2023-12-11 15:00:00', 0),
(487, 2, '2023-12-11 16:00:00', 0),
(488, 2, '2023-12-12 09:00:00', 0),
(489, 2, '2023-12-12 10:00:00', 0),
(490, 2, '2023-12-12 11:00:00', 0),
(491, 2, '2023-12-12 12:00:00', 0),
(492, 2, '2023-12-12 13:00:00', 0),
(493, 2, '2023-12-12 14:00:00', 0),
(494, 2, '2023-12-12 15:00:00', 0),
(495, 2, '2023-12-12 16:00:00', 0),
(496, 2, '2023-12-13 09:00:00', 0),
(497, 2, '2023-12-13 10:00:00', 0),
(498, 2, '2023-12-13 11:00:00', 0),
(499, 2, '2023-12-13 12:00:00', 0),
(500, 2, '2023-12-13 13:00:00', 0),
(501, 2, '2023-12-13 14:00:00', 0),
(502, 2, '2023-12-13 15:00:00', 0),
(503, 2, '2023-12-13 16:00:00', 0),
(504, 2, '2023-12-14 09:00:00', 0),
(505, 2, '2023-12-14 10:00:00', 0),
(506, 2, '2023-12-14 11:00:00', 0),
(507, 2, '2023-12-14 12:00:00', 0),
(508, 2, '2023-12-14 13:00:00', 0),
(509, 2, '2023-12-14 14:00:00', 0),
(510, 2, '2023-12-14 15:00:00', 0),
(511, 2, '2023-12-14 16:00:00', 0),
(512, 3, '2023-11-14 09:00:00', 0),
(513, 3, '2023-11-14 10:00:00', 0),
(514, 3, '2023-11-14 11:00:00', 0),
(515, 3, '2023-11-14 12:00:00', 0),
(516, 3, '2023-11-14 13:00:00', 0),
(517, 3, '2023-11-14 14:00:00', 0),
(518, 3, '2023-11-14 15:00:00', 0),
(519, 3, '2023-11-14 16:00:00', 0),
(520, 3, '2023-11-15 09:00:00', 0),
(521, 3, '2023-11-15 10:00:00', 0),
(522, 3, '2023-11-15 11:00:00', 0),
(523, 3, '2023-11-15 12:00:00', 0),
(524, 3, '2023-11-15 13:00:00', 0),
(525, 3, '2023-11-15 14:00:00', 0),
(526, 3, '2023-11-15 15:00:00', 0),
(527, 3, '2023-11-15 16:00:00', 0),
(528, 3, '2023-11-16 09:00:00', 0),
(529, 3, '2023-11-16 10:00:00', 0),
(530, 3, '2023-11-16 11:00:00', 0),
(531, 3, '2023-11-16 12:00:00', 0),
(532, 3, '2023-11-16 13:00:00', 0),
(533, 3, '2023-11-16 14:00:00', 0),
(534, 3, '2023-11-16 15:00:00', 0),
(535, 3, '2023-11-16 16:00:00', 0),
(536, 3, '2023-11-17 09:00:00', 0),
(537, 3, '2023-11-17 10:00:00', 0),
(538, 3, '2023-11-17 11:00:00', 0),
(539, 3, '2023-11-17 12:00:00', 0),
(540, 3, '2023-11-17 13:00:00', 0),
(541, 3, '2023-11-17 14:00:00', 0),
(542, 3, '2023-11-17 15:00:00', 0),
(543, 3, '2023-11-17 16:00:00', 0),
(544, 3, '2023-11-18 09:00:00', 0),
(545, 3, '2023-11-18 10:00:00', 0),
(546, 3, '2023-11-18 11:00:00', 0),
(547, 3, '2023-11-18 12:00:00', 0),
(548, 3, '2023-11-18 13:00:00', 0),
(549, 3, '2023-11-18 14:00:00', 0),
(550, 3, '2023-11-18 15:00:00', 0),
(551, 3, '2023-11-18 16:00:00', 0),
(552, 3, '2023-11-19 09:00:00', 0),
(553, 3, '2023-11-19 10:00:00', 0),
(554, 3, '2023-11-19 11:00:00', 0),
(555, 3, '2023-11-19 12:00:00', 0),
(556, 3, '2023-11-19 13:00:00', 0),
(557, 3, '2023-11-19 14:00:00', 0),
(558, 3, '2023-11-19 15:00:00', 0),
(559, 3, '2023-11-19 16:00:00', 0),
(560, 3, '2023-11-20 09:00:00', 0),
(561, 3, '2023-11-20 10:00:00', 0),
(562, 3, '2023-11-20 11:00:00', 0),
(563, 3, '2023-11-20 12:00:00', 0),
(564, 3, '2023-11-20 13:00:00', 0),
(565, 3, '2023-11-20 14:00:00', 0),
(566, 3, '2023-11-20 15:00:00', 0),
(567, 3, '2023-11-20 16:00:00', 0),
(568, 3, '2023-11-21 09:00:00', 0),
(569, 3, '2023-11-21 10:00:00', 0),
(570, 3, '2023-11-21 11:00:00', 0),
(571, 3, '2023-11-21 12:00:00', 0),
(572, 3, '2023-11-21 13:00:00', 0),
(573, 3, '2023-11-21 14:00:00', 0),
(574, 3, '2023-11-21 15:00:00', 0),
(575, 3, '2023-11-21 16:00:00', 0),
(576, 3, '2023-11-22 09:00:00', 0),
(577, 3, '2023-11-22 10:00:00', 0),
(578, 3, '2023-11-22 11:00:00', 0),
(579, 3, '2023-11-22 12:00:00', 0),
(580, 3, '2023-11-22 13:00:00', 0),
(581, 3, '2023-11-22 14:00:00', 0),
(582, 3, '2023-11-22 15:00:00', 0),
(583, 3, '2023-11-22 16:00:00', 0),
(584, 3, '2023-11-23 09:00:00', 0),
(585, 3, '2023-11-23 10:00:00', 0),
(586, 3, '2023-11-23 11:00:00', 0),
(587, 3, '2023-11-23 12:00:00', 0),
(588, 3, '2023-11-23 13:00:00', 0),
(589, 3, '2023-11-23 14:00:00', 0),
(590, 3, '2023-11-23 15:00:00', 0),
(591, 3, '2023-11-23 16:00:00', 0),
(592, 3, '2023-11-24 09:00:00', 0),
(593, 3, '2023-11-24 10:00:00', 0),
(594, 3, '2023-11-24 11:00:00', 0),
(595, 3, '2023-11-24 12:00:00', 0),
(596, 3, '2023-11-24 13:00:00', 0),
(597, 3, '2023-11-24 14:00:00', 0),
(598, 3, '2023-11-24 15:00:00', 0),
(599, 3, '2023-11-24 16:00:00', 0),
(600, 3, '2023-11-25 09:00:00', 0),
(601, 3, '2023-11-25 10:00:00', 0),
(602, 3, '2023-11-25 11:00:00', 0),
(603, 3, '2023-11-25 12:00:00', 0),
(604, 3, '2023-11-25 13:00:00', 0),
(605, 3, '2023-11-25 14:00:00', 0),
(606, 3, '2023-11-25 15:00:00', 0),
(607, 3, '2023-11-25 16:00:00', 0),
(608, 3, '2023-11-26 09:00:00', 0),
(609, 3, '2023-11-26 10:00:00', 0),
(610, 3, '2023-11-26 11:00:00', 0),
(611, 3, '2023-11-26 12:00:00', 0),
(612, 3, '2023-11-26 13:00:00', 0),
(613, 3, '2023-11-26 14:00:00', 0),
(614, 3, '2023-11-26 15:00:00', 0),
(615, 3, '2023-11-26 16:00:00', 0),
(616, 3, '2023-11-27 09:00:00', 0),
(617, 3, '2023-11-27 10:00:00', 0),
(618, 3, '2023-11-27 11:00:00', 0),
(619, 3, '2023-11-27 12:00:00', 0),
(620, 3, '2023-11-27 13:00:00', 0),
(621, 3, '2023-11-27 14:00:00', 0),
(622, 3, '2023-11-27 15:00:00', 0),
(623, 3, '2023-11-27 16:00:00', 0),
(624, 3, '2023-11-28 09:00:00', 0),
(625, 3, '2023-11-28 10:00:00', 0),
(626, 3, '2023-11-28 11:00:00', 0),
(627, 3, '2023-11-28 12:00:00', 0),
(628, 3, '2023-11-28 13:00:00', 0),
(629, 3, '2023-11-28 14:00:00', 0),
(630, 3, '2023-11-28 15:00:00', 0),
(631, 3, '2023-11-28 16:00:00', 0),
(632, 3, '2023-11-29 09:00:00', 0),
(633, 3, '2023-11-29 10:00:00', 0),
(634, 3, '2023-11-29 11:00:00', 0),
(635, 3, '2023-11-29 12:00:00', 0),
(636, 3, '2023-11-29 13:00:00', 0),
(637, 3, '2023-11-29 14:00:00', 0),
(638, 3, '2023-11-29 15:00:00', 0),
(639, 3, '2023-11-29 16:00:00', 0),
(640, 3, '2023-11-30 09:00:00', 0),
(641, 3, '2023-11-30 10:00:00', 0),
(642, 3, '2023-11-30 11:00:00', 0),
(643, 3, '2023-11-30 12:00:00', 0),
(644, 3, '2023-11-30 13:00:00', 0),
(645, 3, '2023-11-30 14:00:00', 0),
(646, 3, '2023-11-30 15:00:00', 0),
(647, 3, '2023-11-30 16:00:00', 0),
(648, 3, '2023-12-01 09:00:00', 0),
(649, 3, '2023-12-01 10:00:00', 0),
(650, 3, '2023-12-01 11:00:00', 0),
(651, 3, '2023-12-01 12:00:00', 0),
(652, 3, '2023-12-01 13:00:00', 0),
(653, 3, '2023-12-01 14:00:00', 0),
(654, 3, '2023-12-01 15:00:00', 0),
(655, 3, '2023-12-01 16:00:00', 0),
(656, 3, '2023-12-02 09:00:00', 0),
(657, 3, '2023-12-02 10:00:00', 0),
(658, 3, '2023-12-02 11:00:00', 0),
(659, 3, '2023-12-02 12:00:00', 0),
(660, 3, '2023-12-02 13:00:00', 0),
(661, 3, '2023-12-02 14:00:00', 0),
(662, 3, '2023-12-02 15:00:00', 0),
(663, 3, '2023-12-02 16:00:00', 0),
(664, 3, '2023-12-03 09:00:00', 0),
(665, 3, '2023-12-03 10:00:00', 0),
(666, 3, '2023-12-03 11:00:00', 0),
(667, 3, '2023-12-03 12:00:00', 0),
(668, 3, '2023-12-03 13:00:00', 0),
(669, 3, '2023-12-03 14:00:00', 0),
(670, 3, '2023-12-03 15:00:00', 0),
(671, 3, '2023-12-03 16:00:00', 0),
(672, 3, '2023-12-04 09:00:00', 0),
(673, 3, '2023-12-04 10:00:00', 0),
(674, 3, '2023-12-04 11:00:00', 0),
(675, 3, '2023-12-04 12:00:00', 0),
(676, 3, '2023-12-04 13:00:00', 0),
(677, 3, '2023-12-04 14:00:00', 0),
(678, 3, '2023-12-04 15:00:00', 0),
(679, 3, '2023-12-04 16:00:00', 0),
(680, 3, '2023-12-05 09:00:00', 0),
(681, 3, '2023-12-05 10:00:00', 0),
(682, 3, '2023-12-05 11:00:00', 0),
(683, 3, '2023-12-05 12:00:00', 0),
(684, 3, '2023-12-05 13:00:00', 0),
(685, 3, '2023-12-05 14:00:00', 0),
(686, 3, '2023-12-05 15:00:00', 0),
(687, 3, '2023-12-05 16:00:00', 0),
(688, 3, '2023-12-06 09:00:00', 0),
(689, 3, '2023-12-06 10:00:00', 0),
(690, 3, '2023-12-06 11:00:00', 0),
(691, 3, '2023-12-06 12:00:00', 0),
(692, 3, '2023-12-06 13:00:00', 0),
(693, 3, '2023-12-06 14:00:00', 0),
(694, 3, '2023-12-06 15:00:00', 0),
(695, 3, '2023-12-06 16:00:00', 0),
(696, 3, '2023-12-07 09:00:00', 0),
(697, 3, '2023-12-07 10:00:00', 0),
(698, 3, '2023-12-07 11:00:00', 0),
(699, 3, '2023-12-07 12:00:00', 0),
(700, 3, '2023-12-07 13:00:00', 0),
(701, 3, '2023-12-07 14:00:00', 0),
(702, 3, '2023-12-07 15:00:00', 0),
(703, 3, '2023-12-07 16:00:00', 0),
(704, 3, '2023-12-08 09:00:00', 0),
(705, 3, '2023-12-08 10:00:00', 0),
(706, 3, '2023-12-08 11:00:00', 0),
(707, 3, '2023-12-08 12:00:00', 0),
(708, 3, '2023-12-08 13:00:00', 0),
(709, 3, '2023-12-08 14:00:00', 0),
(710, 3, '2023-12-08 15:00:00', 0),
(711, 3, '2023-12-08 16:00:00', 0),
(712, 3, '2023-12-09 09:00:00', 0),
(713, 3, '2023-12-09 10:00:00', 0),
(714, 3, '2023-12-09 11:00:00', 0),
(715, 3, '2023-12-09 12:00:00', 0),
(716, 3, '2023-12-09 13:00:00', 0),
(717, 3, '2023-12-09 14:00:00', 0),
(718, 3, '2023-12-09 15:00:00', 0),
(719, 3, '2023-12-09 16:00:00', 0),
(720, 3, '2023-12-10 09:00:00', 0),
(721, 3, '2023-12-10 10:00:00', 0),
(722, 3, '2023-12-10 11:00:00', 0),
(723, 3, '2023-12-10 12:00:00', 0),
(724, 3, '2023-12-10 13:00:00', 0),
(725, 3, '2023-12-10 14:00:00', 0),
(726, 3, '2023-12-10 15:00:00', 0),
(727, 3, '2023-12-10 16:00:00', 0),
(728, 3, '2023-12-11 09:00:00', 0),
(729, 3, '2023-12-11 10:00:00', 0),
(730, 3, '2023-12-11 11:00:00', 0),
(731, 3, '2023-12-11 12:00:00', 0),
(732, 3, '2023-12-11 13:00:00', 0),
(733, 3, '2023-12-11 14:00:00', 0),
(734, 3, '2023-12-11 15:00:00', 0),
(735, 3, '2023-12-11 16:00:00', 0),
(736, 3, '2023-12-12 09:00:00', 0),
(737, 3, '2023-12-12 10:00:00', 0),
(738, 3, '2023-12-12 11:00:00', 0),
(739, 3, '2023-12-12 12:00:00', 0),
(740, 3, '2023-12-12 13:00:00', 0),
(741, 3, '2023-12-12 14:00:00', 0),
(742, 3, '2023-12-12 15:00:00', 0),
(743, 3, '2023-12-12 16:00:00', 0),
(744, 3, '2023-12-13 09:00:00', 0),
(745, 3, '2023-12-13 10:00:00', 0),
(746, 3, '2023-12-13 11:00:00', 0),
(747, 3, '2023-12-13 12:00:00', 0),
(748, 3, '2023-12-13 13:00:00', 0),
(749, 3, '2023-12-13 14:00:00', 0),
(750, 3, '2023-12-13 15:00:00', 0),
(751, 3, '2023-12-13 16:00:00', 0),
(752, 3, '2023-12-14 09:00:00', 0),
(753, 3, '2023-12-14 10:00:00', 0),
(754, 3, '2023-12-14 11:00:00', 0),
(755, 3, '2023-12-14 12:00:00', 0),
(756, 3, '2023-12-14 13:00:00', 0),
(757, 3, '2023-12-14 14:00:00', 0),
(758, 3, '2023-12-14 15:00:00', 0),
(759, 3, '2023-12-14 16:00:00', 0),
(760, 4, '2023-11-14 09:00:00', 0),
(761, 4, '2023-11-14 10:00:00', 0),
(762, 4, '2023-11-14 11:00:00', 0),
(763, 4, '2023-11-14 12:00:00', 0),
(764, 4, '2023-11-14 13:00:00', 0),
(765, 4, '2023-11-14 14:00:00', 0),
(766, 4, '2023-11-14 15:00:00', 0),
(767, 4, '2023-11-14 16:00:00', 0),
(768, 4, '2023-11-15 09:00:00', 0),
(769, 4, '2023-11-15 10:00:00', 0),
(770, 4, '2023-11-15 11:00:00', 0),
(771, 4, '2023-11-15 12:00:00', 0),
(772, 4, '2023-11-15 13:00:00', 0),
(773, 4, '2023-11-15 14:00:00', 0),
(774, 4, '2023-11-15 15:00:00', 0),
(775, 4, '2023-11-15 16:00:00', 0),
(776, 4, '2023-11-16 09:00:00', 0),
(777, 4, '2023-11-16 10:00:00', 0),
(778, 4, '2023-11-16 11:00:00', 0),
(779, 4, '2023-11-16 12:00:00', 0),
(780, 4, '2023-11-16 13:00:00', 0),
(781, 4, '2023-11-16 14:00:00', 0),
(782, 4, '2023-11-16 15:00:00', 0),
(783, 4, '2023-11-16 16:00:00', 0),
(784, 4, '2023-11-17 09:00:00', 0),
(785, 4, '2023-11-17 10:00:00', 0),
(786, 4, '2023-11-17 11:00:00', 0),
(787, 4, '2023-11-17 12:00:00', 0),
(788, 4, '2023-11-17 13:00:00', 0),
(789, 4, '2023-11-17 14:00:00', 0),
(790, 4, '2023-11-17 15:00:00', 0),
(791, 4, '2023-11-17 16:00:00', 0),
(792, 4, '2023-11-18 09:00:00', 0),
(793, 4, '2023-11-18 10:00:00', 0),
(794, 4, '2023-11-18 11:00:00', 0),
(795, 4, '2023-11-18 12:00:00', 0),
(796, 4, '2023-11-18 13:00:00', 0),
(797, 4, '2023-11-18 14:00:00', 0),
(798, 4, '2023-11-18 15:00:00', 0),
(799, 4, '2023-11-18 16:00:00', 0),
(800, 4, '2023-11-19 09:00:00', 0),
(801, 4, '2023-11-19 10:00:00', 0),
(802, 4, '2023-11-19 11:00:00', 0),
(803, 4, '2023-11-19 12:00:00', 0),
(804, 4, '2023-11-19 13:00:00', 0),
(805, 4, '2023-11-19 14:00:00', 0),
(806, 4, '2023-11-19 15:00:00', 0),
(807, 4, '2023-11-19 16:00:00', 0),
(808, 4, '2023-11-20 09:00:00', 0),
(809, 4, '2023-11-20 10:00:00', 0),
(810, 4, '2023-11-20 11:00:00', 0),
(811, 4, '2023-11-20 12:00:00', 0),
(812, 4, '2023-11-20 13:00:00', 0),
(813, 4, '2023-11-20 14:00:00', 0),
(814, 4, '2023-11-20 15:00:00', 0),
(815, 4, '2023-11-20 16:00:00', 0),
(816, 4, '2023-11-21 09:00:00', 0),
(817, 4, '2023-11-21 10:00:00', 0),
(818, 4, '2023-11-21 11:00:00', 0),
(819, 4, '2023-11-21 12:00:00', 0),
(820, 4, '2023-11-21 13:00:00', 0),
(821, 4, '2023-11-21 14:00:00', 0),
(822, 4, '2023-11-21 15:00:00', 0),
(823, 4, '2023-11-21 16:00:00', 0),
(824, 4, '2023-11-22 09:00:00', 0),
(825, 4, '2023-11-22 10:00:00', 0),
(826, 4, '2023-11-22 11:00:00', 0),
(827, 4, '2023-11-22 12:00:00', 0),
(828, 4, '2023-11-22 13:00:00', 0),
(829, 4, '2023-11-22 14:00:00', 0),
(830, 4, '2023-11-22 15:00:00', 0),
(831, 4, '2023-11-22 16:00:00', 0),
(832, 4, '2023-11-23 09:00:00', 0),
(833, 4, '2023-11-23 10:00:00', 0),
(834, 4, '2023-11-23 11:00:00', 0),
(835, 4, '2023-11-23 12:00:00', 0),
(836, 4, '2023-11-23 13:00:00', 0),
(837, 4, '2023-11-23 14:00:00', 0),
(838, 4, '2023-11-23 15:00:00', 0),
(839, 4, '2023-11-23 16:00:00', 0),
(840, 4, '2023-11-24 09:00:00', 0),
(841, 4, '2023-11-24 10:00:00', 0),
(842, 4, '2023-11-24 11:00:00', 0),
(843, 4, '2023-11-24 12:00:00', 0),
(844, 4, '2023-11-24 13:00:00', 0),
(845, 4, '2023-11-24 14:00:00', 0),
(846, 4, '2023-11-24 15:00:00', 0),
(847, 4, '2023-11-24 16:00:00', 0),
(848, 4, '2023-11-25 09:00:00', 0),
(849, 4, '2023-11-25 10:00:00', 0),
(850, 4, '2023-11-25 11:00:00', 0),
(851, 4, '2023-11-25 12:00:00', 0),
(852, 4, '2023-11-25 13:00:00', 0),
(853, 4, '2023-11-25 14:00:00', 0),
(854, 4, '2023-11-25 15:00:00', 0),
(855, 4, '2023-11-25 16:00:00', 0),
(856, 4, '2023-11-26 09:00:00', 0),
(857, 4, '2023-11-26 10:00:00', 0),
(858, 4, '2023-11-26 11:00:00', 0),
(859, 4, '2023-11-26 12:00:00', 0),
(860, 4, '2023-11-26 13:00:00', 0),
(861, 4, '2023-11-26 14:00:00', 0),
(862, 4, '2023-11-26 15:00:00', 0),
(863, 4, '2023-11-26 16:00:00', 0),
(864, 4, '2023-11-27 09:00:00', 0),
(865, 4, '2023-11-27 10:00:00', 0),
(866, 4, '2023-11-27 11:00:00', 0),
(867, 4, '2023-11-27 12:00:00', 0),
(868, 4, '2023-11-27 13:00:00', 0),
(869, 4, '2023-11-27 14:00:00', 0),
(870, 4, '2023-11-27 15:00:00', 0),
(871, 4, '2023-11-27 16:00:00', 0),
(872, 4, '2023-11-28 09:00:00', 0),
(873, 4, '2023-11-28 10:00:00', 0),
(874, 4, '2023-11-28 11:00:00', 0),
(875, 4, '2023-11-28 12:00:00', 0),
(876, 4, '2023-11-28 13:00:00', 0),
(877, 4, '2023-11-28 14:00:00', 0),
(878, 4, '2023-11-28 15:00:00', 0),
(879, 4, '2023-11-28 16:00:00', 0),
(880, 4, '2023-11-29 09:00:00', 0),
(881, 4, '2023-11-29 10:00:00', 0),
(882, 4, '2023-11-29 11:00:00', 0),
(883, 4, '2023-11-29 12:00:00', 0),
(884, 4, '2023-11-29 13:00:00', 0),
(885, 4, '2023-11-29 14:00:00', 0),
(886, 4, '2023-11-29 15:00:00', 0),
(887, 4, '2023-11-29 16:00:00', 0),
(888, 4, '2023-11-30 09:00:00', 0),
(889, 4, '2023-11-30 10:00:00', 0),
(890, 4, '2023-11-30 11:00:00', 0),
(891, 4, '2023-11-30 12:00:00', 0),
(892, 4, '2023-11-30 13:00:00', 0),
(893, 4, '2023-11-30 14:00:00', 0),
(894, 4, '2023-11-30 15:00:00', 0),
(895, 4, '2023-11-30 16:00:00', 0),
(896, 4, '2023-12-01 09:00:00', 0),
(897, 4, '2023-12-01 10:00:00', 0),
(898, 4, '2023-12-01 11:00:00', 0),
(899, 4, '2023-12-01 12:00:00', 0),
(900, 4, '2023-12-01 13:00:00', 0),
(901, 4, '2023-12-01 14:00:00', 0),
(902, 4, '2023-12-01 15:00:00', 0),
(903, 4, '2023-12-01 16:00:00', 0),
(904, 4, '2023-12-02 09:00:00', 0),
(905, 4, '2023-12-02 10:00:00', 0),
(906, 4, '2023-12-02 11:00:00', 0),
(907, 4, '2023-12-02 12:00:00', 0),
(908, 4, '2023-12-02 13:00:00', 0),
(909, 4, '2023-12-02 14:00:00', 0),
(910, 4, '2023-12-02 15:00:00', 0),
(911, 4, '2023-12-02 16:00:00', 0),
(912, 4, '2023-12-03 09:00:00', 0),
(913, 4, '2023-12-03 10:00:00', 0),
(914, 4, '2023-12-03 11:00:00', 0),
(915, 4, '2023-12-03 12:00:00', 0),
(916, 4, '2023-12-03 13:00:00', 0),
(917, 4, '2023-12-03 14:00:00', 0),
(918, 4, '2023-12-03 15:00:00', 0),
(919, 4, '2023-12-03 16:00:00', 0),
(920, 4, '2023-12-04 09:00:00', 0),
(921, 4, '2023-12-04 10:00:00', 0),
(922, 4, '2023-12-04 11:00:00', 0),
(923, 4, '2023-12-04 12:00:00', 0),
(924, 4, '2023-12-04 13:00:00', 0),
(925, 4, '2023-12-04 14:00:00', 0),
(926, 4, '2023-12-04 15:00:00', 0),
(927, 4, '2023-12-04 16:00:00', 0),
(928, 4, '2023-12-05 09:00:00', 0),
(929, 4, '2023-12-05 10:00:00', 0),
(930, 4, '2023-12-05 11:00:00', 0),
(931, 4, '2023-12-05 12:00:00', 0),
(932, 4, '2023-12-05 13:00:00', 0),
(933, 4, '2023-12-05 14:00:00', 0),
(934, 4, '2023-12-05 15:00:00', 0),
(935, 4, '2023-12-05 16:00:00', 0),
(936, 4, '2023-12-06 09:00:00', 0),
(937, 4, '2023-12-06 10:00:00', 0),
(938, 4, '2023-12-06 11:00:00', 0),
(939, 4, '2023-12-06 12:00:00', 0),
(940, 4, '2023-12-06 13:00:00', 0),
(941, 4, '2023-12-06 14:00:00', 0),
(942, 4, '2023-12-06 15:00:00', 0),
(943, 4, '2023-12-06 16:00:00', 0),
(944, 4, '2023-12-07 09:00:00', 0),
(945, 4, '2023-12-07 10:00:00', 0),
(946, 4, '2023-12-07 11:00:00', 0),
(947, 4, '2023-12-07 12:00:00', 0),
(948, 4, '2023-12-07 13:00:00', 0),
(949, 4, '2023-12-07 14:00:00', 0),
(950, 4, '2023-12-07 15:00:00', 0),
(951, 4, '2023-12-07 16:00:00', 0),
(952, 4, '2023-12-08 09:00:00', 0),
(953, 4, '2023-12-08 10:00:00', 0),
(954, 4, '2023-12-08 11:00:00', 0),
(955, 4, '2023-12-08 12:00:00', 0),
(956, 4, '2023-12-08 13:00:00', 0),
(957, 4, '2023-12-08 14:00:00', 0),
(958, 4, '2023-12-08 15:00:00', 0),
(959, 4, '2023-12-08 16:00:00', 0),
(960, 4, '2023-12-09 09:00:00', 0),
(961, 4, '2023-12-09 10:00:00', 0),
(962, 4, '2023-12-09 11:00:00', 0),
(963, 4, '2023-12-09 12:00:00', 0),
(964, 4, '2023-12-09 13:00:00', 0),
(965, 4, '2023-12-09 14:00:00', 0),
(966, 4, '2023-12-09 15:00:00', 0),
(967, 4, '2023-12-09 16:00:00', 0),
(968, 4, '2023-12-10 09:00:00', 0),
(969, 4, '2023-12-10 10:00:00', 0),
(970, 4, '2023-12-10 11:00:00', 0),
(971, 4, '2023-12-10 12:00:00', 0),
(972, 4, '2023-12-10 13:00:00', 0),
(973, 4, '2023-12-10 14:00:00', 0),
(974, 4, '2023-12-10 15:00:00', 0),
(975, 4, '2023-12-10 16:00:00', 0),
(976, 4, '2023-12-11 09:00:00', 0),
(977, 4, '2023-12-11 10:00:00', 0),
(978, 4, '2023-12-11 11:00:00', 0),
(979, 4, '2023-12-11 12:00:00', 0),
(980, 4, '2023-12-11 13:00:00', 0),
(981, 4, '2023-12-11 14:00:00', 0),
(982, 4, '2023-12-11 15:00:00', 0),
(983, 4, '2023-12-11 16:00:00', 0),
(984, 4, '2023-12-12 09:00:00', 0),
(985, 4, '2023-12-12 10:00:00', 0),
(986, 4, '2023-12-12 11:00:00', 0),
(987, 4, '2023-12-12 12:00:00', 0),
(988, 4, '2023-12-12 13:00:00', 0),
(989, 4, '2023-12-12 14:00:00', 0),
(990, 4, '2023-12-12 15:00:00', 0),
(991, 4, '2023-12-12 16:00:00', 0),
(992, 4, '2023-12-13 09:00:00', 0),
(993, 4, '2023-12-13 10:00:00', 0),
(994, 4, '2023-12-13 11:00:00', 0),
(995, 4, '2023-12-13 12:00:00', 0),
(996, 4, '2023-12-13 13:00:00', 0),
(997, 4, '2023-12-13 14:00:00', 0),
(998, 4, '2023-12-13 15:00:00', 0),
(999, 4, '2023-12-13 16:00:00', 0),
(1000, 4, '2023-12-14 09:00:00', 0),
(1001, 4, '2023-12-14 10:00:00', 0),
(1002, 4, '2023-12-14 11:00:00', 0),
(1003, 4, '2023-12-14 12:00:00', 0),
(1004, 4, '2023-12-14 13:00:00', 0),
(1005, 4, '2023-12-14 14:00:00', 0),
(1006, 4, '2023-12-14 15:00:00', 0),
(1007, 4, '2023-12-14 16:00:00', 0),
(1008, 5, '2023-11-14 09:00:00', 0),
(1009, 5, '2023-11-14 10:00:00', 0),
(1010, 5, '2023-11-14 11:00:00', 0),
(1011, 5, '2023-11-14 12:00:00', 0),
(1012, 5, '2023-11-14 13:00:00', 0),
(1013, 5, '2023-11-14 14:00:00', 0),
(1014, 5, '2023-11-14 15:00:00', 0),
(1015, 5, '2023-11-14 16:00:00', 0),
(1016, 5, '2023-11-15 09:00:00', 1),
(1017, 5, '2023-11-15 10:00:00', 0),
(1018, 5, '2023-11-15 11:00:00', 0),
(1019, 5, '2023-11-15 12:00:00', 0),
(1020, 5, '2023-11-15 13:00:00', 0),
(1021, 5, '2023-11-15 14:00:00', 0),
(1022, 5, '2023-11-15 15:00:00', 1),
(1023, 5, '2023-11-15 16:00:00', 0),
(1024, 5, '2023-11-16 09:00:00', 0),
(1025, 5, '2023-11-16 10:00:00', 0),
(1026, 5, '2023-11-16 11:00:00', 0),
(1027, 5, '2023-11-16 12:00:00', 0),
(1028, 5, '2023-11-16 13:00:00', 0),
(1029, 5, '2023-11-16 14:00:00', 0),
(1030, 5, '2023-11-16 15:00:00', 0),
(1031, 5, '2023-11-16 16:00:00', 0),
(1032, 5, '2023-11-17 09:00:00', 0),
(1033, 5, '2023-11-17 10:00:00', 0),
(1034, 5, '2023-11-17 11:00:00', 0),
(1035, 5, '2023-11-17 12:00:00', 0),
(1036, 5, '2023-11-17 13:00:00', 0),
(1037, 5, '2023-11-17 14:00:00', 0),
(1038, 5, '2023-11-17 15:00:00', 0),
(1039, 5, '2023-11-17 16:00:00', 0),
(1040, 5, '2023-11-18 09:00:00', 0),
(1041, 5, '2023-11-18 10:00:00', 0),
(1042, 5, '2023-11-18 11:00:00', 0),
(1043, 5, '2023-11-18 12:00:00', 0),
(1044, 5, '2023-11-18 13:00:00', 0),
(1045, 5, '2023-11-18 14:00:00', 0),
(1046, 5, '2023-11-18 15:00:00', 0),
(1047, 5, '2023-11-18 16:00:00', 0),
(1048, 5, '2023-11-19 09:00:00', 0),
(1049, 5, '2023-11-19 10:00:00', 0),
(1050, 5, '2023-11-19 11:00:00', 0),
(1051, 5, '2023-11-19 12:00:00', 0),
(1052, 5, '2023-11-19 13:00:00', 0),
(1053, 5, '2023-11-19 14:00:00', 0),
(1054, 5, '2023-11-19 15:00:00', 0),
(1055, 5, '2023-11-19 16:00:00', 0),
(1056, 5, '2023-11-20 09:00:00', 0),
(1057, 5, '2023-11-20 10:00:00', 0),
(1058, 5, '2023-11-20 11:00:00', 0),
(1059, 5, '2023-11-20 12:00:00', 0),
(1060, 5, '2023-11-20 13:00:00', 0),
(1061, 5, '2023-11-20 14:00:00', 0),
(1062, 5, '2023-11-20 15:00:00', 0),
(1063, 5, '2023-11-20 16:00:00', 0),
(1064, 5, '2023-11-21 09:00:00', 0),
(1065, 5, '2023-11-21 10:00:00', 0),
(1066, 5, '2023-11-21 11:00:00', 0),
(1067, 5, '2023-11-21 12:00:00', 0),
(1068, 5, '2023-11-21 13:00:00', 0),
(1069, 5, '2023-11-21 14:00:00', 0),
(1070, 5, '2023-11-21 15:00:00', 0),
(1071, 5, '2023-11-21 16:00:00', 0),
(1072, 5, '2023-11-22 09:00:00', 0),
(1073, 5, '2023-11-22 10:00:00', 0),
(1074, 5, '2023-11-22 11:00:00', 0),
(1075, 5, '2023-11-22 12:00:00', 0),
(1076, 5, '2023-11-22 13:00:00', 0),
(1077, 5, '2023-11-22 14:00:00', 0),
(1078, 5, '2023-11-22 15:00:00', 0),
(1079, 5, '2023-11-22 16:00:00', 0),
(1080, 5, '2023-11-23 09:00:00', 0),
(1081, 5, '2023-11-23 10:00:00', 0),
(1082, 5, '2023-11-23 11:00:00', 0),
(1083, 5, '2023-11-23 12:00:00', 0),
(1084, 5, '2023-11-23 13:00:00', 0),
(1085, 5, '2023-11-23 14:00:00', 0),
(1086, 5, '2023-11-23 15:00:00', 0),
(1087, 5, '2023-11-23 16:00:00', 0),
(1088, 5, '2023-11-24 09:00:00', 0),
(1089, 5, '2023-11-24 10:00:00', 0),
(1090, 5, '2023-11-24 11:00:00', 0),
(1091, 5, '2023-11-24 12:00:00', 0),
(1092, 5, '2023-11-24 13:00:00', 0),
(1093, 5, '2023-11-24 14:00:00', 0),
(1094, 5, '2023-11-24 15:00:00', 0),
(1095, 5, '2023-11-24 16:00:00', 0),
(1096, 5, '2023-11-25 09:00:00', 0),
(1097, 5, '2023-11-25 10:00:00', 0),
(1098, 5, '2023-11-25 11:00:00', 0),
(1099, 5, '2023-11-25 12:00:00', 0),
(1100, 5, '2023-11-25 13:00:00', 0),
(1101, 5, '2023-11-25 14:00:00', 0),
(1102, 5, '2023-11-25 15:00:00', 0),
(1103, 5, '2023-11-25 16:00:00', 0),
(1104, 5, '2023-11-26 09:00:00', 0),
(1105, 5, '2023-11-26 10:00:00', 0),
(1106, 5, '2023-11-26 11:00:00', 0),
(1107, 5, '2023-11-26 12:00:00', 0),
(1108, 5, '2023-11-26 13:00:00', 0),
(1109, 5, '2023-11-26 14:00:00', 0),
(1110, 5, '2023-11-26 15:00:00', 0),
(1111, 5, '2023-11-26 16:00:00', 0),
(1112, 5, '2023-11-27 09:00:00', 0),
(1113, 5, '2023-11-27 10:00:00', 0),
(1114, 5, '2023-11-27 11:00:00', 0),
(1115, 5, '2023-11-27 12:00:00', 0),
(1116, 5, '2023-11-27 13:00:00', 0),
(1117, 5, '2023-11-27 14:00:00', 0),
(1118, 5, '2023-11-27 15:00:00', 0),
(1119, 5, '2023-11-27 16:00:00', 0),
(1120, 5, '2023-11-28 09:00:00', 0),
(1121, 5, '2023-11-28 10:00:00', 0),
(1122, 5, '2023-11-28 11:00:00', 0),
(1123, 5, '2023-11-28 12:00:00', 0),
(1124, 5, '2023-11-28 13:00:00', 0),
(1125, 5, '2023-11-28 14:00:00', 0),
(1126, 5, '2023-11-28 15:00:00', 0),
(1127, 5, '2023-11-28 16:00:00', 0),
(1128, 5, '2023-11-29 09:00:00', 0),
(1129, 5, '2023-11-29 10:00:00', 0),
(1130, 5, '2023-11-29 11:00:00', 0),
(1131, 5, '2023-11-29 12:00:00', 0),
(1132, 5, '2023-11-29 13:00:00', 0),
(1133, 5, '2023-11-29 14:00:00', 0),
(1134, 5, '2023-11-29 15:00:00', 0),
(1135, 5, '2023-11-29 16:00:00', 0),
(1136, 5, '2023-11-30 09:00:00', 0),
(1137, 5, '2023-11-30 10:00:00', 0),
(1138, 5, '2023-11-30 11:00:00', 0),
(1139, 5, '2023-11-30 12:00:00', 0),
(1140, 5, '2023-11-30 13:00:00', 0),
(1141, 5, '2023-11-30 14:00:00', 0),
(1142, 5, '2023-11-30 15:00:00', 0),
(1143, 5, '2023-11-30 16:00:00', 0),
(1144, 5, '2023-12-01 09:00:00', 0),
(1145, 5, '2023-12-01 10:00:00', 0),
(1146, 5, '2023-12-01 11:00:00', 0),
(1147, 5, '2023-12-01 12:00:00', 0),
(1148, 5, '2023-12-01 13:00:00', 0),
(1149, 5, '2023-12-01 14:00:00', 0),
(1150, 5, '2023-12-01 15:00:00', 0),
(1151, 5, '2023-12-01 16:00:00', 0),
(1152, 5, '2023-12-02 09:00:00', 0),
(1153, 5, '2023-12-02 10:00:00', 0),
(1154, 5, '2023-12-02 11:00:00', 0),
(1155, 5, '2023-12-02 12:00:00', 0),
(1156, 5, '2023-12-02 13:00:00', 0),
(1157, 5, '2023-12-02 14:00:00', 0),
(1158, 5, '2023-12-02 15:00:00', 0),
(1159, 5, '2023-12-02 16:00:00', 0),
(1160, 5, '2023-12-03 09:00:00', 0),
(1161, 5, '2023-12-03 10:00:00', 0),
(1162, 5, '2023-12-03 11:00:00', 0),
(1163, 5, '2023-12-03 12:00:00', 0),
(1164, 5, '2023-12-03 13:00:00', 0),
(1165, 5, '2023-12-03 14:00:00', 0),
(1166, 5, '2023-12-03 15:00:00', 0),
(1167, 5, '2023-12-03 16:00:00', 0),
(1168, 5, '2023-12-04 09:00:00', 0),
(1169, 5, '2023-12-04 10:00:00', 0),
(1170, 5, '2023-12-04 11:00:00', 0),
(1171, 5, '2023-12-04 12:00:00', 0),
(1172, 5, '2023-12-04 13:00:00', 0),
(1173, 5, '2023-12-04 14:00:00', 0),
(1174, 5, '2023-12-04 15:00:00', 0),
(1175, 5, '2023-12-04 16:00:00', 0),
(1176, 5, '2023-12-05 09:00:00', 0),
(1177, 5, '2023-12-05 10:00:00', 0),
(1178, 5, '2023-12-05 11:00:00', 0),
(1179, 5, '2023-12-05 12:00:00', 0),
(1180, 5, '2023-12-05 13:00:00', 0),
(1181, 5, '2023-12-05 14:00:00', 0),
(1182, 5, '2023-12-05 15:00:00', 0),
(1183, 5, '2023-12-05 16:00:00', 0),
(1184, 5, '2023-12-06 09:00:00', 0),
(1185, 5, '2023-12-06 10:00:00', 0),
(1186, 5, '2023-12-06 11:00:00', 0),
(1187, 5, '2023-12-06 12:00:00', 0),
(1188, 5, '2023-12-06 13:00:00', 0),
(1189, 5, '2023-12-06 14:00:00', 0),
(1190, 5, '2023-12-06 15:00:00', 0),
(1191, 5, '2023-12-06 16:00:00', 0),
(1192, 5, '2023-12-07 09:00:00', 0),
(1193, 5, '2023-12-07 10:00:00', 0),
(1194, 5, '2023-12-07 11:00:00', 0),
(1195, 5, '2023-12-07 12:00:00', 0),
(1196, 5, '2023-12-07 13:00:00', 0),
(1197, 5, '2023-12-07 14:00:00', 0),
(1198, 5, '2023-12-07 15:00:00', 0),
(1199, 5, '2023-12-07 16:00:00', 0),
(1200, 5, '2023-12-08 09:00:00', 0),
(1201, 5, '2023-12-08 10:00:00', 0),
(1202, 5, '2023-12-08 11:00:00', 0),
(1203, 5, '2023-12-08 12:00:00', 0),
(1204, 5, '2023-12-08 13:00:00', 0),
(1205, 5, '2023-12-08 14:00:00', 0),
(1206, 5, '2023-12-08 15:00:00', 0),
(1207, 5, '2023-12-08 16:00:00', 0),
(1208, 5, '2023-12-09 09:00:00', 0),
(1209, 5, '2023-12-09 10:00:00', 0),
(1210, 5, '2023-12-09 11:00:00', 0),
(1211, 5, '2023-12-09 12:00:00', 0),
(1212, 5, '2023-12-09 13:00:00', 0),
(1213, 5, '2023-12-09 14:00:00', 0),
(1214, 5, '2023-12-09 15:00:00', 0),
(1215, 5, '2023-12-09 16:00:00', 0),
(1216, 5, '2023-12-10 09:00:00', 0),
(1217, 5, '2023-12-10 10:00:00', 0),
(1218, 5, '2023-12-10 11:00:00', 0),
(1219, 5, '2023-12-10 12:00:00', 0),
(1220, 5, '2023-12-10 13:00:00', 0),
(1221, 5, '2023-12-10 14:00:00', 0),
(1222, 5, '2023-12-10 15:00:00', 0),
(1223, 5, '2023-12-10 16:00:00', 0),
(1224, 5, '2023-12-11 09:00:00', 0),
(1225, 5, '2023-12-11 10:00:00', 0),
(1226, 5, '2023-12-11 11:00:00', 0),
(1227, 5, '2023-12-11 12:00:00', 0),
(1228, 5, '2023-12-11 13:00:00', 0),
(1229, 5, '2023-12-11 14:00:00', 0),
(1230, 5, '2023-12-11 15:00:00', 0),
(1231, 5, '2023-12-11 16:00:00', 0),
(1232, 5, '2023-12-12 09:00:00', 0),
(1233, 5, '2023-12-12 10:00:00', 0),
(1234, 5, '2023-12-12 11:00:00', 0),
(1235, 5, '2023-12-12 12:00:00', 0),
(1236, 5, '2023-12-12 13:00:00', 0),
(1237, 5, '2023-12-12 14:00:00', 0),
(1238, 5, '2023-12-12 15:00:00', 0),
(1239, 5, '2023-12-12 16:00:00', 0),
(1240, 5, '2023-12-13 09:00:00', 0),
(1241, 5, '2023-12-13 10:00:00', 0),
(1242, 5, '2023-12-13 11:00:00', 0),
(1243, 5, '2023-12-13 12:00:00', 0),
(1244, 5, '2023-12-13 13:00:00', 0),
(1245, 5, '2023-12-13 14:00:00', 0),
(1246, 5, '2023-12-13 15:00:00', 0),
(1247, 5, '2023-12-13 16:00:00', 0),
(1248, 5, '2023-12-14 09:00:00', 0),
(1249, 5, '2023-12-14 10:00:00', 0),
(1250, 5, '2023-12-14 11:00:00', 0),
(1251, 5, '2023-12-14 12:00:00', 0),
(1252, 5, '2023-12-14 13:00:00', 0),
(1253, 5, '2023-12-14 14:00:00', 0),
(1254, 5, '2023-12-14 15:00:00', 0),
(1255, 5, '2023-12-14 16:00:00', 0),
(1256, 6, '2023-11-14 09:00:00', 0),
(1257, 6, '2023-11-14 10:00:00', 0),
(1258, 6, '2023-11-14 11:00:00', 0),
(1259, 6, '2023-11-14 12:00:00', 0),
(1260, 6, '2023-11-14 13:00:00', 0),
(1261, 6, '2023-11-14 14:00:00', 0),
(1262, 6, '2023-11-14 15:00:00', 0),
(1263, 6, '2023-11-14 16:00:00', 0),
(1264, 6, '2023-11-15 09:00:00', 0),
(1265, 6, '2023-11-15 10:00:00', 0),
(1266, 6, '2023-11-15 11:00:00', 0),
(1267, 6, '2023-11-15 12:00:00', 0),
(1268, 6, '2023-11-15 13:00:00', 0),
(1269, 6, '2023-11-15 14:00:00', 0),
(1270, 6, '2023-11-15 15:00:00', 0),
(1271, 6, '2023-11-15 16:00:00', 0),
(1272, 6, '2023-11-16 09:00:00', 0),
(1273, 6, '2023-11-16 10:00:00', 0),
(1274, 6, '2023-11-16 11:00:00', 0),
(1275, 6, '2023-11-16 12:00:00', 0),
(1276, 6, '2023-11-16 13:00:00', 0),
(1277, 6, '2023-11-16 14:00:00', 0),
(1278, 6, '2023-11-16 15:00:00', 0),
(1279, 6, '2023-11-16 16:00:00', 0),
(1280, 6, '2023-11-17 09:00:00', 0),
(1281, 6, '2023-11-17 10:00:00', 0),
(1282, 6, '2023-11-17 11:00:00', 0),
(1283, 6, '2023-11-17 12:00:00', 0),
(1284, 6, '2023-11-17 13:00:00', 0),
(1285, 6, '2023-11-17 14:00:00', 0),
(1286, 6, '2023-11-17 15:00:00', 0),
(1287, 6, '2023-11-17 16:00:00', 0),
(1288, 6, '2023-11-18 09:00:00', 0),
(1289, 6, '2023-11-18 10:00:00', 0),
(1290, 6, '2023-11-18 11:00:00', 0),
(1291, 6, '2023-11-18 12:00:00', 0),
(1292, 6, '2023-11-18 13:00:00', 0),
(1293, 6, '2023-11-18 14:00:00', 0),
(1294, 6, '2023-11-18 15:00:00', 0),
(1295, 6, '2023-11-18 16:00:00', 0),
(1296, 6, '2023-11-19 09:00:00', 0),
(1297, 6, '2023-11-19 10:00:00', 0),
(1298, 6, '2023-11-19 11:00:00', 0),
(1299, 6, '2023-11-19 12:00:00', 0),
(1300, 6, '2023-11-19 13:00:00', 0),
(1301, 6, '2023-11-19 14:00:00', 0),
(1302, 6, '2023-11-19 15:00:00', 0),
(1303, 6, '2023-11-19 16:00:00', 0),
(1304, 6, '2023-11-20 09:00:00', 0),
(1305, 6, '2023-11-20 10:00:00', 0),
(1306, 6, '2023-11-20 11:00:00', 0),
(1307, 6, '2023-11-20 12:00:00', 0),
(1308, 6, '2023-11-20 13:00:00', 0),
(1309, 6, '2023-11-20 14:00:00', 0),
(1310, 6, '2023-11-20 15:00:00', 0),
(1311, 6, '2023-11-20 16:00:00', 0),
(1312, 6, '2023-11-21 09:00:00', 0),
(1313, 6, '2023-11-21 10:00:00', 0),
(1314, 6, '2023-11-21 11:00:00', 0),
(1315, 6, '2023-11-21 12:00:00', 0),
(1316, 6, '2023-11-21 13:00:00', 0),
(1317, 6, '2023-11-21 14:00:00', 0),
(1318, 6, '2023-11-21 15:00:00', 0),
(1319, 6, '2023-11-21 16:00:00', 0),
(1320, 6, '2023-11-22 09:00:00', 0),
(1321, 6, '2023-11-22 10:00:00', 0),
(1322, 6, '2023-11-22 11:00:00', 0),
(1323, 6, '2023-11-22 12:00:00', 0),
(1324, 6, '2023-11-22 13:00:00', 0),
(1325, 6, '2023-11-22 14:00:00', 0),
(1326, 6, '2023-11-22 15:00:00', 0),
(1327, 6, '2023-11-22 16:00:00', 0),
(1328, 6, '2023-11-23 09:00:00', 0),
(1329, 6, '2023-11-23 10:00:00', 0),
(1330, 6, '2023-11-23 11:00:00', 0),
(1331, 6, '2023-11-23 12:00:00', 0),
(1332, 6, '2023-11-23 13:00:00', 0),
(1333, 6, '2023-11-23 14:00:00', 0),
(1334, 6, '2023-11-23 15:00:00', 0),
(1335, 6, '2023-11-23 16:00:00', 0),
(1336, 6, '2023-11-24 09:00:00', 0),
(1337, 6, '2023-11-24 10:00:00', 0),
(1338, 6, '2023-11-24 11:00:00', 0),
(1339, 6, '2023-11-24 12:00:00', 0),
(1340, 6, '2023-11-24 13:00:00', 0),
(1341, 6, '2023-11-24 14:00:00', 0),
(1342, 6, '2023-11-24 15:00:00', 0),
(1343, 6, '2023-11-24 16:00:00', 0),
(1344, 6, '2023-11-25 09:00:00', 0),
(1345, 6, '2023-11-25 10:00:00', 0),
(1346, 6, '2023-11-25 11:00:00', 0),
(1347, 6, '2023-11-25 12:00:00', 0),
(1348, 6, '2023-11-25 13:00:00', 0),
(1349, 6, '2023-11-25 14:00:00', 0),
(1350, 6, '2023-11-25 15:00:00', 0),
(1351, 6, '2023-11-25 16:00:00', 0),
(1352, 6, '2023-11-26 09:00:00', 0),
(1353, 6, '2023-11-26 10:00:00', 0),
(1354, 6, '2023-11-26 11:00:00', 0),
(1355, 6, '2023-11-26 12:00:00', 0),
(1356, 6, '2023-11-26 13:00:00', 0),
(1357, 6, '2023-11-26 14:00:00', 0),
(1358, 6, '2023-11-26 15:00:00', 0),
(1359, 6, '2023-11-26 16:00:00', 0),
(1360, 6, '2023-11-27 09:00:00', 0),
(1361, 6, '2023-11-27 10:00:00', 0),
(1362, 6, '2023-11-27 11:00:00', 0),
(1363, 6, '2023-11-27 12:00:00', 0),
(1364, 6, '2023-11-27 13:00:00', 0),
(1365, 6, '2023-11-27 14:00:00', 0),
(1366, 6, '2023-11-27 15:00:00', 0),
(1367, 6, '2023-11-27 16:00:00', 0),
(1368, 6, '2023-11-28 09:00:00', 0),
(1369, 6, '2023-11-28 10:00:00', 0),
(1370, 6, '2023-11-28 11:00:00', 0),
(1371, 6, '2023-11-28 12:00:00', 0),
(1372, 6, '2023-11-28 13:00:00', 0),
(1373, 6, '2023-11-28 14:00:00', 0),
(1374, 6, '2023-11-28 15:00:00', 0),
(1375, 6, '2023-11-28 16:00:00', 0),
(1376, 6, '2023-11-29 09:00:00', 0),
(1377, 6, '2023-11-29 10:00:00', 0),
(1378, 6, '2023-11-29 11:00:00', 0),
(1379, 6, '2023-11-29 12:00:00', 0),
(1380, 6, '2023-11-29 13:00:00', 0),
(1381, 6, '2023-11-29 14:00:00', 0),
(1382, 6, '2023-11-29 15:00:00', 0),
(1383, 6, '2023-11-29 16:00:00', 0),
(1384, 6, '2023-11-30 09:00:00', 0),
(1385, 6, '2023-11-30 10:00:00', 0),
(1386, 6, '2023-11-30 11:00:00', 0),
(1387, 6, '2023-11-30 12:00:00', 0),
(1388, 6, '2023-11-30 13:00:00', 0),
(1389, 6, '2023-11-30 14:00:00', 0),
(1390, 6, '2023-11-30 15:00:00', 0),
(1391, 6, '2023-11-30 16:00:00', 0),
(1392, 6, '2023-12-01 09:00:00', 0),
(1393, 6, '2023-12-01 10:00:00', 0),
(1394, 6, '2023-12-01 11:00:00', 0),
(1395, 6, '2023-12-01 12:00:00', 0),
(1396, 6, '2023-12-01 13:00:00', 0),
(1397, 6, '2023-12-01 14:00:00', 0),
(1398, 6, '2023-12-01 15:00:00', 0),
(1399, 6, '2023-12-01 16:00:00', 0),
(1400, 6, '2023-12-02 09:00:00', 0),
(1401, 6, '2023-12-02 10:00:00', 0),
(1402, 6, '2023-12-02 11:00:00', 0),
(1403, 6, '2023-12-02 12:00:00', 0),
(1404, 6, '2023-12-02 13:00:00', 0),
(1405, 6, '2023-12-02 14:00:00', 0),
(1406, 6, '2023-12-02 15:00:00', 0),
(1407, 6, '2023-12-02 16:00:00', 0),
(1408, 6, '2023-12-03 09:00:00', 0),
(1409, 6, '2023-12-03 10:00:00', 0),
(1410, 6, '2023-12-03 11:00:00', 0),
(1411, 6, '2023-12-03 12:00:00', 0),
(1412, 6, '2023-12-03 13:00:00', 0),
(1413, 6, '2023-12-03 14:00:00', 0),
(1414, 6, '2023-12-03 15:00:00', 0),
(1415, 6, '2023-12-03 16:00:00', 0),
(1416, 6, '2023-12-04 09:00:00', 0),
(1417, 6, '2023-12-04 10:00:00', 0),
(1418, 6, '2023-12-04 11:00:00', 0),
(1419, 6, '2023-12-04 12:00:00', 0),
(1420, 6, '2023-12-04 13:00:00', 0),
(1421, 6, '2023-12-04 14:00:00', 0),
(1422, 6, '2023-12-04 15:00:00', 0),
(1423, 6, '2023-12-04 16:00:00', 0),
(1424, 6, '2023-12-05 09:00:00', 0),
(1425, 6, '2023-12-05 10:00:00', 0),
(1426, 6, '2023-12-05 11:00:00', 0),
(1427, 6, '2023-12-05 12:00:00', 0),
(1428, 6, '2023-12-05 13:00:00', 0),
(1429, 6, '2023-12-05 14:00:00', 0),
(1430, 6, '2023-12-05 15:00:00', 0),
(1431, 6, '2023-12-05 16:00:00', 0),
(1432, 6, '2023-12-06 09:00:00', 0),
(1433, 6, '2023-12-06 10:00:00', 0),
(1434, 6, '2023-12-06 11:00:00', 0),
(1435, 6, '2023-12-06 12:00:00', 0),
(1436, 6, '2023-12-06 13:00:00', 0),
(1437, 6, '2023-12-06 14:00:00', 0),
(1438, 6, '2023-12-06 15:00:00', 0),
(1439, 6, '2023-12-06 16:00:00', 0),
(1440, 6, '2023-12-07 09:00:00', 0),
(1441, 6, '2023-12-07 10:00:00', 0),
(1442, 6, '2023-12-07 11:00:00', 0),
(1443, 6, '2023-12-07 12:00:00', 0),
(1444, 6, '2023-12-07 13:00:00', 0),
(1445, 6, '2023-12-07 14:00:00', 0),
(1446, 6, '2023-12-07 15:00:00', 0),
(1447, 6, '2023-12-07 16:00:00', 0),
(1448, 6, '2023-12-08 09:00:00', 0),
(1449, 6, '2023-12-08 10:00:00', 0),
(1450, 6, '2023-12-08 11:00:00', 0),
(1451, 6, '2023-12-08 12:00:00', 0),
(1452, 6, '2023-12-08 13:00:00', 0),
(1453, 6, '2023-12-08 14:00:00', 0),
(1454, 6, '2023-12-08 15:00:00', 0),
(1455, 6, '2023-12-08 16:00:00', 0),
(1456, 6, '2023-12-09 09:00:00', 0),
(1457, 6, '2023-12-09 10:00:00', 0);
INSERT INTO `timeslots` (`SlotID`, `DentistID`, `SlotDateTime`, `IsBooked`) VALUES
(1458, 6, '2023-12-09 11:00:00', 0),
(1459, 6, '2023-12-09 12:00:00', 0),
(1460, 6, '2023-12-09 13:00:00', 0),
(1461, 6, '2023-12-09 14:00:00', 0),
(1462, 6, '2023-12-09 15:00:00', 0),
(1463, 6, '2023-12-09 16:00:00', 0),
(1464, 6, '2023-12-10 09:00:00', 0),
(1465, 6, '2023-12-10 10:00:00', 0),
(1466, 6, '2023-12-10 11:00:00', 0),
(1467, 6, '2023-12-10 12:00:00', 0),
(1468, 6, '2023-12-10 13:00:00', 0),
(1469, 6, '2023-12-10 14:00:00', 0),
(1470, 6, '2023-12-10 15:00:00', 0),
(1471, 6, '2023-12-10 16:00:00', 0),
(1472, 6, '2023-12-11 09:00:00', 0),
(1473, 6, '2023-12-11 10:00:00', 0),
(1474, 6, '2023-12-11 11:00:00', 0),
(1475, 6, '2023-12-11 12:00:00', 0),
(1476, 6, '2023-12-11 13:00:00', 0),
(1477, 6, '2023-12-11 14:00:00', 0),
(1478, 6, '2023-12-11 15:00:00', 0),
(1479, 6, '2023-12-11 16:00:00', 0),
(1480, 6, '2023-12-12 09:00:00', 0),
(1481, 6, '2023-12-12 10:00:00', 0),
(1482, 6, '2023-12-12 11:00:00', 0),
(1483, 6, '2023-12-12 12:00:00', 0),
(1484, 6, '2023-12-12 13:00:00', 0),
(1485, 6, '2023-12-12 14:00:00', 0),
(1486, 6, '2023-12-12 15:00:00', 0),
(1487, 6, '2023-12-12 16:00:00', 0),
(1488, 6, '2023-12-13 09:00:00', 0),
(1489, 6, '2023-12-13 10:00:00', 0),
(1490, 6, '2023-12-13 11:00:00', 0),
(1491, 6, '2023-12-13 12:00:00', 0),
(1492, 6, '2023-12-13 13:00:00', 0),
(1493, 6, '2023-12-13 14:00:00', 0),
(1494, 6, '2023-12-13 15:00:00', 0),
(1495, 6, '2023-12-13 16:00:00', 0),
(1496, 6, '2023-12-14 09:00:00', 0),
(1497, 6, '2023-12-14 10:00:00', 0),
(1498, 6, '2023-12-14 11:00:00', 0),
(1499, 6, '2023-12-14 12:00:00', 0),
(1500, 6, '2023-12-14 13:00:00', 0),
(1501, 6, '2023-12-14 14:00:00', 0),
(1502, 6, '2023-12-14 15:00:00', 0),
(1503, 6, '2023-12-14 16:00:00', 0),
(1504, 7, '2023-11-14 09:00:00', 0),
(1505, 7, '2023-11-14 10:00:00', 0),
(1506, 7, '2023-11-14 11:00:00', 0),
(1507, 7, '2023-11-14 12:00:00', 0),
(1508, 7, '2023-11-14 13:00:00', 0),
(1509, 7, '2023-11-14 14:00:00', 0),
(1510, 7, '2023-11-14 15:00:00', 0),
(1511, 7, '2023-11-14 16:00:00', 0),
(1512, 7, '2023-11-15 09:00:00', 0),
(1513, 7, '2023-11-15 10:00:00', 0),
(1514, 7, '2023-11-15 11:00:00', 0),
(1515, 7, '2023-11-15 12:00:00', 0),
(1516, 7, '2023-11-15 13:00:00', 0),
(1517, 7, '2023-11-15 14:00:00', 0),
(1518, 7, '2023-11-15 15:00:00', 0),
(1519, 7, '2023-11-15 16:00:00', 0),
(1520, 7, '2023-11-16 09:00:00', 0),
(1521, 7, '2023-11-16 10:00:00', 0),
(1522, 7, '2023-11-16 11:00:00', 0),
(1523, 7, '2023-11-16 12:00:00', 0),
(1524, 7, '2023-11-16 13:00:00', 0),
(1525, 7, '2023-11-16 14:00:00', 0),
(1526, 7, '2023-11-16 15:00:00', 0),
(1527, 7, '2023-11-16 16:00:00', 0),
(1528, 7, '2023-11-17 09:00:00', 0),
(1529, 7, '2023-11-17 10:00:00', 0),
(1530, 7, '2023-11-17 11:00:00', 0),
(1531, 7, '2023-11-17 12:00:00', 0),
(1532, 7, '2023-11-17 13:00:00', 0),
(1533, 7, '2023-11-17 14:00:00', 0),
(1534, 7, '2023-11-17 15:00:00', 0),
(1535, 7, '2023-11-17 16:00:00', 0),
(1536, 7, '2023-11-18 09:00:00', 0),
(1537, 7, '2023-11-18 10:00:00', 0),
(1538, 7, '2023-11-18 11:00:00', 0),
(1539, 7, '2023-11-18 12:00:00', 0),
(1540, 7, '2023-11-18 13:00:00', 0),
(1541, 7, '2023-11-18 14:00:00', 0),
(1542, 7, '2023-11-18 15:00:00', 0),
(1543, 7, '2023-11-18 16:00:00', 0),
(1544, 7, '2023-11-19 09:00:00', 0),
(1545, 7, '2023-11-19 10:00:00', 0),
(1546, 7, '2023-11-19 11:00:00', 0),
(1547, 7, '2023-11-19 12:00:00', 0),
(1548, 7, '2023-11-19 13:00:00', 0),
(1549, 7, '2023-11-19 14:00:00', 0),
(1550, 7, '2023-11-19 15:00:00', 0),
(1551, 7, '2023-11-19 16:00:00', 0),
(1552, 7, '2023-11-20 09:00:00', 0),
(1553, 7, '2023-11-20 10:00:00', 0),
(1554, 7, '2023-11-20 11:00:00', 0),
(1555, 7, '2023-11-20 12:00:00', 0),
(1556, 7, '2023-11-20 13:00:00', 0),
(1557, 7, '2023-11-20 14:00:00', 0),
(1558, 7, '2023-11-20 15:00:00', 0),
(1559, 7, '2023-11-20 16:00:00', 0),
(1560, 7, '2023-11-21 09:00:00', 0),
(1561, 7, '2023-11-21 10:00:00', 0),
(1562, 7, '2023-11-21 11:00:00', 0),
(1563, 7, '2023-11-21 12:00:00', 0),
(1564, 7, '2023-11-21 13:00:00', 0),
(1565, 7, '2023-11-21 14:00:00', 0),
(1566, 7, '2023-11-21 15:00:00', 0),
(1567, 7, '2023-11-21 16:00:00', 0),
(1568, 7, '2023-11-22 09:00:00', 0),
(1569, 7, '2023-11-22 10:00:00', 0),
(1570, 7, '2023-11-22 11:00:00', 0),
(1571, 7, '2023-11-22 12:00:00', 0),
(1572, 7, '2023-11-22 13:00:00', 0),
(1573, 7, '2023-11-22 14:00:00', 0),
(1574, 7, '2023-11-22 15:00:00', 0),
(1575, 7, '2023-11-22 16:00:00', 0),
(1576, 7, '2023-11-23 09:00:00', 0),
(1577, 7, '2023-11-23 10:00:00', 0),
(1578, 7, '2023-11-23 11:00:00', 0),
(1579, 7, '2023-11-23 12:00:00', 0),
(1580, 7, '2023-11-23 13:00:00', 0),
(1581, 7, '2023-11-23 14:00:00', 0),
(1582, 7, '2023-11-23 15:00:00', 0),
(1583, 7, '2023-11-23 16:00:00', 0),
(1584, 7, '2023-11-24 09:00:00', 0),
(1585, 7, '2023-11-24 10:00:00', 0),
(1586, 7, '2023-11-24 11:00:00', 0),
(1587, 7, '2023-11-24 12:00:00', 0),
(1588, 7, '2023-11-24 13:00:00', 0),
(1589, 7, '2023-11-24 14:00:00', 0),
(1590, 7, '2023-11-24 15:00:00', 0),
(1591, 7, '2023-11-24 16:00:00', 0),
(1592, 7, '2023-11-25 09:00:00', 0),
(1593, 7, '2023-11-25 10:00:00', 0),
(1594, 7, '2023-11-25 11:00:00', 0),
(1595, 7, '2023-11-25 12:00:00', 0),
(1596, 7, '2023-11-25 13:00:00', 0),
(1597, 7, '2023-11-25 14:00:00', 0),
(1598, 7, '2023-11-25 15:00:00', 0),
(1599, 7, '2023-11-25 16:00:00', 0),
(1600, 7, '2023-11-26 09:00:00', 0),
(1601, 7, '2023-11-26 10:00:00', 0),
(1602, 7, '2023-11-26 11:00:00', 0),
(1603, 7, '2023-11-26 12:00:00', 0),
(1604, 7, '2023-11-26 13:00:00', 0),
(1605, 7, '2023-11-26 14:00:00', 0),
(1606, 7, '2023-11-26 15:00:00', 0),
(1607, 7, '2023-11-26 16:00:00', 0),
(1608, 7, '2023-11-27 09:00:00', 0),
(1609, 7, '2023-11-27 10:00:00', 0),
(1610, 7, '2023-11-27 11:00:00', 0),
(1611, 7, '2023-11-27 12:00:00', 0),
(1612, 7, '2023-11-27 13:00:00', 0),
(1613, 7, '2023-11-27 14:00:00', 0),
(1614, 7, '2023-11-27 15:00:00', 0),
(1615, 7, '2023-11-27 16:00:00', 0),
(1616, 7, '2023-11-28 09:00:00', 0),
(1617, 7, '2023-11-28 10:00:00', 0),
(1618, 7, '2023-11-28 11:00:00', 0),
(1619, 7, '2023-11-28 12:00:00', 0),
(1620, 7, '2023-11-28 13:00:00', 0),
(1621, 7, '2023-11-28 14:00:00', 0),
(1622, 7, '2023-11-28 15:00:00', 0),
(1623, 7, '2023-11-28 16:00:00', 0),
(1624, 7, '2023-11-29 09:00:00', 0),
(1625, 7, '2023-11-29 10:00:00', 0),
(1626, 7, '2023-11-29 11:00:00', 0),
(1627, 7, '2023-11-29 12:00:00', 0),
(1628, 7, '2023-11-29 13:00:00', 0),
(1629, 7, '2023-11-29 14:00:00', 0),
(1630, 7, '2023-11-29 15:00:00', 0),
(1631, 7, '2023-11-29 16:00:00', 0),
(1632, 7, '2023-11-30 09:00:00', 0),
(1633, 7, '2023-11-30 10:00:00', 0),
(1634, 7, '2023-11-30 11:00:00', 0),
(1635, 7, '2023-11-30 12:00:00', 0),
(1636, 7, '2023-11-30 13:00:00', 0),
(1637, 7, '2023-11-30 14:00:00', 0),
(1638, 7, '2023-11-30 15:00:00', 0),
(1639, 7, '2023-11-30 16:00:00', 0),
(1640, 7, '2023-12-01 09:00:00', 0),
(1641, 7, '2023-12-01 10:00:00', 0),
(1642, 7, '2023-12-01 11:00:00', 0),
(1643, 7, '2023-12-01 12:00:00', 0),
(1644, 7, '2023-12-01 13:00:00', 0),
(1645, 7, '2023-12-01 14:00:00', 0),
(1646, 7, '2023-12-01 15:00:00', 0),
(1647, 7, '2023-12-01 16:00:00', 0),
(1648, 7, '2023-12-02 09:00:00', 0),
(1649, 7, '2023-12-02 10:00:00', 0),
(1650, 7, '2023-12-02 11:00:00', 0),
(1651, 7, '2023-12-02 12:00:00', 0),
(1652, 7, '2023-12-02 13:00:00', 0),
(1653, 7, '2023-12-02 14:00:00', 0),
(1654, 7, '2023-12-02 15:00:00', 0),
(1655, 7, '2023-12-02 16:00:00', 0),
(1656, 7, '2023-12-03 09:00:00', 0),
(1657, 7, '2023-12-03 10:00:00', 0),
(1658, 7, '2023-12-03 11:00:00', 0),
(1659, 7, '2023-12-03 12:00:00', 0),
(1660, 7, '2023-12-03 13:00:00', 0),
(1661, 7, '2023-12-03 14:00:00', 0),
(1662, 7, '2023-12-03 15:00:00', 0),
(1663, 7, '2023-12-03 16:00:00', 0),
(1664, 7, '2023-12-04 09:00:00', 0),
(1665, 7, '2023-12-04 10:00:00', 0),
(1666, 7, '2023-12-04 11:00:00', 0),
(1667, 7, '2023-12-04 12:00:00', 0),
(1668, 7, '2023-12-04 13:00:00', 0),
(1669, 7, '2023-12-04 14:00:00', 0),
(1670, 7, '2023-12-04 15:00:00', 0),
(1671, 7, '2023-12-04 16:00:00', 0),
(1672, 7, '2023-12-05 09:00:00', 0),
(1673, 7, '2023-12-05 10:00:00', 0),
(1674, 7, '2023-12-05 11:00:00', 0),
(1675, 7, '2023-12-05 12:00:00', 0),
(1676, 7, '2023-12-05 13:00:00', 0),
(1677, 7, '2023-12-05 14:00:00', 0),
(1678, 7, '2023-12-05 15:00:00', 0),
(1679, 7, '2023-12-05 16:00:00', 0),
(1680, 7, '2023-12-06 09:00:00', 0),
(1681, 7, '2023-12-06 10:00:00', 0),
(1682, 7, '2023-12-06 11:00:00', 0),
(1683, 7, '2023-12-06 12:00:00', 0),
(1684, 7, '2023-12-06 13:00:00', 0),
(1685, 7, '2023-12-06 14:00:00', 0),
(1686, 7, '2023-12-06 15:00:00', 0),
(1687, 7, '2023-12-06 16:00:00', 0),
(1688, 7, '2023-12-07 09:00:00', 0),
(1689, 7, '2023-12-07 10:00:00', 0),
(1690, 7, '2023-12-07 11:00:00', 0),
(1691, 7, '2023-12-07 12:00:00', 0),
(1692, 7, '2023-12-07 13:00:00', 0),
(1693, 7, '2023-12-07 14:00:00', 0),
(1694, 7, '2023-12-07 15:00:00', 0),
(1695, 7, '2023-12-07 16:00:00', 0),
(1696, 7, '2023-12-08 09:00:00', 0),
(1697, 7, '2023-12-08 10:00:00', 0),
(1698, 7, '2023-12-08 11:00:00', 0),
(1699, 7, '2023-12-08 12:00:00', 0),
(1700, 7, '2023-12-08 13:00:00', 0),
(1701, 7, '2023-12-08 14:00:00', 0),
(1702, 7, '2023-12-08 15:00:00', 0),
(1703, 7, '2023-12-08 16:00:00', 0),
(1704, 7, '2023-12-09 09:00:00', 0),
(1705, 7, '2023-12-09 10:00:00', 0),
(1706, 7, '2023-12-09 11:00:00', 0),
(1707, 7, '2023-12-09 12:00:00', 0),
(1708, 7, '2023-12-09 13:00:00', 0),
(1709, 7, '2023-12-09 14:00:00', 0),
(1710, 7, '2023-12-09 15:00:00', 0),
(1711, 7, '2023-12-09 16:00:00', 0),
(1712, 7, '2023-12-10 09:00:00', 0),
(1713, 7, '2023-12-10 10:00:00', 0),
(1714, 7, '2023-12-10 11:00:00', 0),
(1715, 7, '2023-12-10 12:00:00', 0),
(1716, 7, '2023-12-10 13:00:00', 0),
(1717, 7, '2023-12-10 14:00:00', 0),
(1718, 7, '2023-12-10 15:00:00', 0),
(1719, 7, '2023-12-10 16:00:00', 0),
(1720, 7, '2023-12-11 09:00:00', 0),
(1721, 7, '2023-12-11 10:00:00', 0),
(1722, 7, '2023-12-11 11:00:00', 0),
(1723, 7, '2023-12-11 12:00:00', 0),
(1724, 7, '2023-12-11 13:00:00', 0),
(1725, 7, '2023-12-11 14:00:00', 0),
(1726, 7, '2023-12-11 15:00:00', 0),
(1727, 7, '2023-12-11 16:00:00', 0),
(1728, 7, '2023-12-12 09:00:00', 0),
(1729, 7, '2023-12-12 10:00:00', 0),
(1730, 7, '2023-12-12 11:00:00', 0),
(1731, 7, '2023-12-12 12:00:00', 0),
(1732, 7, '2023-12-12 13:00:00', 0),
(1733, 7, '2023-12-12 14:00:00', 0),
(1734, 7, '2023-12-12 15:00:00', 0),
(1735, 7, '2023-12-12 16:00:00', 0),
(1736, 7, '2023-12-13 09:00:00', 0),
(1737, 7, '2023-12-13 10:00:00', 0),
(1738, 7, '2023-12-13 11:00:00', 0),
(1739, 7, '2023-12-13 12:00:00', 0),
(1740, 7, '2023-12-13 13:00:00', 0),
(1741, 7, '2023-12-13 14:00:00', 0),
(1742, 7, '2023-12-13 15:00:00', 0),
(1743, 7, '2023-12-13 16:00:00', 0),
(1744, 7, '2023-12-14 09:00:00', 0),
(1745, 7, '2023-12-14 10:00:00', 0),
(1746, 7, '2023-12-14 11:00:00', 0),
(1747, 7, '2023-12-14 12:00:00', 0),
(1748, 7, '2023-12-14 13:00:00', 0),
(1749, 7, '2023-12-14 14:00:00', 0),
(1750, 7, '2023-12-14 15:00:00', 0),
(1751, 7, '2023-12-14 16:00:00', 0),
(1752, 8, '2023-11-14 09:00:00', 0),
(1753, 8, '2023-11-14 10:00:00', 0),
(1754, 8, '2023-11-14 11:00:00', 0),
(1755, 8, '2023-11-14 12:00:00', 0),
(1756, 8, '2023-11-14 13:00:00', 0),
(1757, 8, '2023-11-14 14:00:00', 0),
(1758, 8, '2023-11-14 15:00:00', 0),
(1759, 8, '2023-11-14 16:00:00', 0),
(1760, 8, '2023-11-15 09:00:00', 0),
(1761, 8, '2023-11-15 10:00:00', 0),
(1762, 8, '2023-11-15 11:00:00', 0),
(1763, 8, '2023-11-15 12:00:00', 0),
(1764, 8, '2023-11-15 13:00:00', 0),
(1765, 8, '2023-11-15 14:00:00', 0),
(1766, 8, '2023-11-15 15:00:00', 0),
(1767, 8, '2023-11-15 16:00:00', 0),
(1768, 8, '2023-11-16 09:00:00', 0),
(1769, 8, '2023-11-16 10:00:00', 0),
(1770, 8, '2023-11-16 11:00:00', 0),
(1771, 8, '2023-11-16 12:00:00', 0),
(1772, 8, '2023-11-16 13:00:00', 0),
(1773, 8, '2023-11-16 14:00:00', 0),
(1774, 8, '2023-11-16 15:00:00', 0),
(1775, 8, '2023-11-16 16:00:00', 0),
(1776, 8, '2023-11-17 09:00:00', 0),
(1777, 8, '2023-11-17 10:00:00', 0),
(1778, 8, '2023-11-17 11:00:00', 0),
(1779, 8, '2023-11-17 12:00:00', 0),
(1780, 8, '2023-11-17 13:00:00', 0),
(1781, 8, '2023-11-17 14:00:00', 0),
(1782, 8, '2023-11-17 15:00:00', 0),
(1783, 8, '2023-11-17 16:00:00', 0),
(1784, 8, '2023-11-18 09:00:00', 0),
(1785, 8, '2023-11-18 10:00:00', 0),
(1786, 8, '2023-11-18 11:00:00', 0),
(1787, 8, '2023-11-18 12:00:00', 0),
(1788, 8, '2023-11-18 13:00:00', 0),
(1789, 8, '2023-11-18 14:00:00', 0),
(1790, 8, '2023-11-18 15:00:00', 0),
(1791, 8, '2023-11-18 16:00:00', 0),
(1792, 8, '2023-11-19 09:00:00', 0),
(1793, 8, '2023-11-19 10:00:00', 0),
(1794, 8, '2023-11-19 11:00:00', 0),
(1795, 8, '2023-11-19 12:00:00', 0),
(1796, 8, '2023-11-19 13:00:00', 0),
(1797, 8, '2023-11-19 14:00:00', 0),
(1798, 8, '2023-11-19 15:00:00', 0),
(1799, 8, '2023-11-19 16:00:00', 0),
(1800, 8, '2023-11-20 09:00:00', 0),
(1801, 8, '2023-11-20 10:00:00', 0),
(1802, 8, '2023-11-20 11:00:00', 0),
(1803, 8, '2023-11-20 12:00:00', 0),
(1804, 8, '2023-11-20 13:00:00', 0),
(1805, 8, '2023-11-20 14:00:00', 0),
(1806, 8, '2023-11-20 15:00:00', 0),
(1807, 8, '2023-11-20 16:00:00', 0),
(1808, 8, '2023-11-21 09:00:00', 0),
(1809, 8, '2023-11-21 10:00:00', 0),
(1810, 8, '2023-11-21 11:00:00', 0),
(1811, 8, '2023-11-21 12:00:00', 0),
(1812, 8, '2023-11-21 13:00:00', 0),
(1813, 8, '2023-11-21 14:00:00', 0),
(1814, 8, '2023-11-21 15:00:00', 0),
(1815, 8, '2023-11-21 16:00:00', 0),
(1816, 8, '2023-11-22 09:00:00', 0),
(1817, 8, '2023-11-22 10:00:00', 0),
(1818, 8, '2023-11-22 11:00:00', 0),
(1819, 8, '2023-11-22 12:00:00', 0),
(1820, 8, '2023-11-22 13:00:00', 0),
(1821, 8, '2023-11-22 14:00:00', 0),
(1822, 8, '2023-11-22 15:00:00', 0),
(1823, 8, '2023-11-22 16:00:00', 0),
(1824, 8, '2023-11-23 09:00:00', 0),
(1825, 8, '2023-11-23 10:00:00', 0),
(1826, 8, '2023-11-23 11:00:00', 0),
(1827, 8, '2023-11-23 12:00:00', 0),
(1828, 8, '2023-11-23 13:00:00', 0),
(1829, 8, '2023-11-23 14:00:00', 0),
(1830, 8, '2023-11-23 15:00:00', 0),
(1831, 8, '2023-11-23 16:00:00', 0),
(1832, 8, '2023-11-24 09:00:00', 0),
(1833, 8, '2023-11-24 10:00:00', 0),
(1834, 8, '2023-11-24 11:00:00', 0),
(1835, 8, '2023-11-24 12:00:00', 0),
(1836, 8, '2023-11-24 13:00:00', 0),
(1837, 8, '2023-11-24 14:00:00', 0),
(1838, 8, '2023-11-24 15:00:00', 0),
(1839, 8, '2023-11-24 16:00:00', 0),
(1840, 8, '2023-11-25 09:00:00', 0),
(1841, 8, '2023-11-25 10:00:00', 0),
(1842, 8, '2023-11-25 11:00:00', 0),
(1843, 8, '2023-11-25 12:00:00', 0),
(1844, 8, '2023-11-25 13:00:00', 0),
(1845, 8, '2023-11-25 14:00:00', 0),
(1846, 8, '2023-11-25 15:00:00', 0),
(1847, 8, '2023-11-25 16:00:00', 0),
(1848, 8, '2023-11-26 09:00:00', 0),
(1849, 8, '2023-11-26 10:00:00', 0),
(1850, 8, '2023-11-26 11:00:00', 0),
(1851, 8, '2023-11-26 12:00:00', 0),
(1852, 8, '2023-11-26 13:00:00', 0),
(1853, 8, '2023-11-26 14:00:00', 0),
(1854, 8, '2023-11-26 15:00:00', 0),
(1855, 8, '2023-11-26 16:00:00', 0),
(1856, 8, '2023-11-27 09:00:00', 0),
(1857, 8, '2023-11-27 10:00:00', 0),
(1858, 8, '2023-11-27 11:00:00', 0),
(1859, 8, '2023-11-27 12:00:00', 0),
(1860, 8, '2023-11-27 13:00:00', 0),
(1861, 8, '2023-11-27 14:00:00', 0),
(1862, 8, '2023-11-27 15:00:00', 0),
(1863, 8, '2023-11-27 16:00:00', 0),
(1864, 8, '2023-11-28 09:00:00', 0),
(1865, 8, '2023-11-28 10:00:00', 0),
(1866, 8, '2023-11-28 11:00:00', 0),
(1867, 8, '2023-11-28 12:00:00', 0),
(1868, 8, '2023-11-28 13:00:00', 0),
(1869, 8, '2023-11-28 14:00:00', 0),
(1870, 8, '2023-11-28 15:00:00', 0),
(1871, 8, '2023-11-28 16:00:00', 0),
(1872, 8, '2023-11-29 09:00:00', 0),
(1873, 8, '2023-11-29 10:00:00', 0),
(1874, 8, '2023-11-29 11:00:00', 0),
(1875, 8, '2023-11-29 12:00:00', 0),
(1876, 8, '2023-11-29 13:00:00', 0),
(1877, 8, '2023-11-29 14:00:00', 0),
(1878, 8, '2023-11-29 15:00:00', 0),
(1879, 8, '2023-11-29 16:00:00', 0),
(1880, 8, '2023-11-30 09:00:00', 0),
(1881, 8, '2023-11-30 10:00:00', 0),
(1882, 8, '2023-11-30 11:00:00', 0),
(1883, 8, '2023-11-30 12:00:00', 0),
(1884, 8, '2023-11-30 13:00:00', 0),
(1885, 8, '2023-11-30 14:00:00', 0),
(1886, 8, '2023-11-30 15:00:00', 0),
(1887, 8, '2023-11-30 16:00:00', 0),
(1888, 8, '2023-12-01 09:00:00', 0),
(1889, 8, '2023-12-01 10:00:00', 0),
(1890, 8, '2023-12-01 11:00:00', 0),
(1891, 8, '2023-12-01 12:00:00', 0),
(1892, 8, '2023-12-01 13:00:00', 0),
(1893, 8, '2023-12-01 14:00:00', 0),
(1894, 8, '2023-12-01 15:00:00', 0),
(1895, 8, '2023-12-01 16:00:00', 0),
(1896, 8, '2023-12-02 09:00:00', 0),
(1897, 8, '2023-12-02 10:00:00', 0),
(1898, 8, '2023-12-02 11:00:00', 0),
(1899, 8, '2023-12-02 12:00:00', 0),
(1900, 8, '2023-12-02 13:00:00', 0),
(1901, 8, '2023-12-02 14:00:00', 0),
(1902, 8, '2023-12-02 15:00:00', 0),
(1903, 8, '2023-12-02 16:00:00', 0),
(1904, 8, '2023-12-03 09:00:00', 0),
(1905, 8, '2023-12-03 10:00:00', 0),
(1906, 8, '2023-12-03 11:00:00', 0),
(1907, 8, '2023-12-03 12:00:00', 0),
(1908, 8, '2023-12-03 13:00:00', 0),
(1909, 8, '2023-12-03 14:00:00', 0),
(1910, 8, '2023-12-03 15:00:00', 0),
(1911, 8, '2023-12-03 16:00:00', 0),
(1912, 8, '2023-12-04 09:00:00', 0),
(1913, 8, '2023-12-04 10:00:00', 0),
(1914, 8, '2023-12-04 11:00:00', 0),
(1915, 8, '2023-12-04 12:00:00', 0),
(1916, 8, '2023-12-04 13:00:00', 0),
(1917, 8, '2023-12-04 14:00:00', 0),
(1918, 8, '2023-12-04 15:00:00', 0),
(1919, 8, '2023-12-04 16:00:00', 0),
(1920, 8, '2023-12-05 09:00:00', 0),
(1921, 8, '2023-12-05 10:00:00', 0),
(1922, 8, '2023-12-05 11:00:00', 0),
(1923, 8, '2023-12-05 12:00:00', 0),
(1924, 8, '2023-12-05 13:00:00', 0),
(1925, 8, '2023-12-05 14:00:00', 0),
(1926, 8, '2023-12-05 15:00:00', 0),
(1927, 8, '2023-12-05 16:00:00', 0),
(1928, 8, '2023-12-06 09:00:00', 0),
(1929, 8, '2023-12-06 10:00:00', 0),
(1930, 8, '2023-12-06 11:00:00', 0),
(1931, 8, '2023-12-06 12:00:00', 0),
(1932, 8, '2023-12-06 13:00:00', 0),
(1933, 8, '2023-12-06 14:00:00', 0),
(1934, 8, '2023-12-06 15:00:00', 0),
(1935, 8, '2023-12-06 16:00:00', 0),
(1936, 8, '2023-12-07 09:00:00', 0),
(1937, 8, '2023-12-07 10:00:00', 0),
(1938, 8, '2023-12-07 11:00:00', 0),
(1939, 8, '2023-12-07 12:00:00', 0),
(1940, 8, '2023-12-07 13:00:00', 0),
(1941, 8, '2023-12-07 14:00:00', 0),
(1942, 8, '2023-12-07 15:00:00', 0),
(1943, 8, '2023-12-07 16:00:00', 0),
(1944, 8, '2023-12-08 09:00:00', 0),
(1945, 8, '2023-12-08 10:00:00', 0),
(1946, 8, '2023-12-08 11:00:00', 0),
(1947, 8, '2023-12-08 12:00:00', 0),
(1948, 8, '2023-12-08 13:00:00', 0),
(1949, 8, '2023-12-08 14:00:00', 0),
(1950, 8, '2023-12-08 15:00:00', 0),
(1951, 8, '2023-12-08 16:00:00', 0),
(1952, 8, '2023-12-09 09:00:00', 0),
(1953, 8, '2023-12-09 10:00:00', 0),
(1954, 8, '2023-12-09 11:00:00', 0),
(1955, 8, '2023-12-09 12:00:00', 0),
(1956, 8, '2023-12-09 13:00:00', 0),
(1957, 8, '2023-12-09 14:00:00', 0),
(1958, 8, '2023-12-09 15:00:00', 0),
(1959, 8, '2023-12-09 16:00:00', 0),
(1960, 8, '2023-12-10 09:00:00', 0),
(1961, 8, '2023-12-10 10:00:00', 0),
(1962, 8, '2023-12-10 11:00:00', 0),
(1963, 8, '2023-12-10 12:00:00', 0),
(1964, 8, '2023-12-10 13:00:00', 0),
(1965, 8, '2023-12-10 14:00:00', 0),
(1966, 8, '2023-12-10 15:00:00', 0),
(1967, 8, '2023-12-10 16:00:00', 0),
(1968, 8, '2023-12-11 09:00:00', 0),
(1969, 8, '2023-12-11 10:00:00', 0),
(1970, 8, '2023-12-11 11:00:00', 0),
(1971, 8, '2023-12-11 12:00:00', 0),
(1972, 8, '2023-12-11 13:00:00', 0),
(1973, 8, '2023-12-11 14:00:00', 0),
(1974, 8, '2023-12-11 15:00:00', 0),
(1975, 8, '2023-12-11 16:00:00', 0),
(1976, 8, '2023-12-12 09:00:00', 0),
(1977, 8, '2023-12-12 10:00:00', 0),
(1978, 8, '2023-12-12 11:00:00', 0),
(1979, 8, '2023-12-12 12:00:00', 0),
(1980, 8, '2023-12-12 13:00:00', 0),
(1981, 8, '2023-12-12 14:00:00', 0),
(1982, 8, '2023-12-12 15:00:00', 0),
(1983, 8, '2023-12-12 16:00:00', 0),
(1984, 8, '2023-12-13 09:00:00', 0),
(1985, 8, '2023-12-13 10:00:00', 0),
(1986, 8, '2023-12-13 11:00:00', 0),
(1987, 8, '2023-12-13 12:00:00', 0),
(1988, 8, '2023-12-13 13:00:00', 0),
(1989, 8, '2023-12-13 14:00:00', 0),
(1990, 8, '2023-12-13 15:00:00', 0),
(1991, 8, '2023-12-13 16:00:00', 0),
(1992, 8, '2023-12-14 09:00:00', 0),
(1993, 8, '2023-12-14 10:00:00', 0),
(1994, 8, '2023-12-14 11:00:00', 0),
(1995, 8, '2023-12-14 12:00:00', 0),
(1996, 8, '2023-12-14 13:00:00', 0),
(1997, 8, '2023-12-14 14:00:00', 0),
(1998, 8, '2023-12-14 15:00:00', 0),
(1999, 8, '2023-12-14 16:00:00', 0),
(2000, 9, '2023-11-14 09:00:00', 0),
(2001, 9, '2023-11-14 10:00:00', 0),
(2002, 9, '2023-11-14 11:00:00', 0),
(2003, 9, '2023-11-14 12:00:00', 0),
(2004, 9, '2023-11-14 13:00:00', 0),
(2005, 9, '2023-11-14 14:00:00', 0),
(2006, 9, '2023-11-14 15:00:00', 0),
(2007, 9, '2023-11-14 16:00:00', 0),
(2008, 9, '2023-11-15 09:00:00', 1),
(2009, 9, '2023-11-15 10:00:00', 0),
(2010, 9, '2023-11-15 11:00:00', 0),
(2011, 9, '2023-11-15 12:00:00', 0),
(2012, 9, '2023-11-15 13:00:00', 0),
(2013, 9, '2023-11-15 14:00:00', 0),
(2014, 9, '2023-11-15 15:00:00', 0),
(2015, 9, '2023-11-15 16:00:00', 0),
(2016, 9, '2023-11-16 09:00:00', 0),
(2017, 9, '2023-11-16 10:00:00', 0),
(2018, 9, '2023-11-16 11:00:00', 0),
(2019, 9, '2023-11-16 12:00:00', 0),
(2020, 9, '2023-11-16 13:00:00', 0),
(2021, 9, '2023-11-16 14:00:00', 0),
(2022, 9, '2023-11-16 15:00:00', 0),
(2023, 9, '2023-11-16 16:00:00', 0),
(2024, 9, '2023-11-17 09:00:00', 0),
(2025, 9, '2023-11-17 10:00:00', 0),
(2026, 9, '2023-11-17 11:00:00', 0),
(2027, 9, '2023-11-17 12:00:00', 0),
(2028, 9, '2023-11-17 13:00:00', 0),
(2029, 9, '2023-11-17 14:00:00', 0),
(2030, 9, '2023-11-17 15:00:00', 0),
(2031, 9, '2023-11-17 16:00:00', 0),
(2032, 9, '2023-11-18 09:00:00', 0),
(2033, 9, '2023-11-18 10:00:00', 0),
(2034, 9, '2023-11-18 11:00:00', 0),
(2035, 9, '2023-11-18 12:00:00', 0),
(2036, 9, '2023-11-18 13:00:00', 0),
(2037, 9, '2023-11-18 14:00:00', 0),
(2038, 9, '2023-11-18 15:00:00', 0),
(2039, 9, '2023-11-18 16:00:00', 0),
(2040, 9, '2023-11-19 09:00:00', 0),
(2041, 9, '2023-11-19 10:00:00', 0),
(2042, 9, '2023-11-19 11:00:00', 0),
(2043, 9, '2023-11-19 12:00:00', 0),
(2044, 9, '2023-11-19 13:00:00', 0),
(2045, 9, '2023-11-19 14:00:00', 0),
(2046, 9, '2023-11-19 15:00:00', 0),
(2047, 9, '2023-11-19 16:00:00', 0),
(2048, 9, '2023-11-20 09:00:00', 0),
(2049, 9, '2023-11-20 10:00:00', 0),
(2050, 9, '2023-11-20 11:00:00', 0),
(2051, 9, '2023-11-20 12:00:00', 0),
(2052, 9, '2023-11-20 13:00:00', 0),
(2053, 9, '2023-11-20 14:00:00', 0),
(2054, 9, '2023-11-20 15:00:00', 0),
(2055, 9, '2023-11-20 16:00:00', 0),
(2056, 9, '2023-11-21 09:00:00', 0),
(2057, 9, '2023-11-21 10:00:00', 0),
(2058, 9, '2023-11-21 11:00:00', 0),
(2059, 9, '2023-11-21 12:00:00', 0),
(2060, 9, '2023-11-21 13:00:00', 0),
(2061, 9, '2023-11-21 14:00:00', 0),
(2062, 9, '2023-11-21 15:00:00', 0),
(2063, 9, '2023-11-21 16:00:00', 0),
(2064, 9, '2023-11-22 09:00:00', 0),
(2065, 9, '2023-11-22 10:00:00', 0),
(2066, 9, '2023-11-22 11:00:00', 0),
(2067, 9, '2023-11-22 12:00:00', 0),
(2068, 9, '2023-11-22 13:00:00', 0),
(2069, 9, '2023-11-22 14:00:00', 0),
(2070, 9, '2023-11-22 15:00:00', 0),
(2071, 9, '2023-11-22 16:00:00', 0),
(2072, 9, '2023-11-23 09:00:00', 0),
(2073, 9, '2023-11-23 10:00:00', 0),
(2074, 9, '2023-11-23 11:00:00', 0),
(2075, 9, '2023-11-23 12:00:00', 0),
(2076, 9, '2023-11-23 13:00:00', 0),
(2077, 9, '2023-11-23 14:00:00', 0),
(2078, 9, '2023-11-23 15:00:00', 0),
(2079, 9, '2023-11-23 16:00:00', 0),
(2080, 9, '2023-11-24 09:00:00', 0),
(2081, 9, '2023-11-24 10:00:00', 0),
(2082, 9, '2023-11-24 11:00:00', 0),
(2083, 9, '2023-11-24 12:00:00', 0),
(2084, 9, '2023-11-24 13:00:00', 0),
(2085, 9, '2023-11-24 14:00:00', 0),
(2086, 9, '2023-11-24 15:00:00', 0),
(2087, 9, '2023-11-24 16:00:00', 0),
(2088, 9, '2023-11-25 09:00:00', 0),
(2089, 9, '2023-11-25 10:00:00', 0),
(2090, 9, '2023-11-25 11:00:00', 0),
(2091, 9, '2023-11-25 12:00:00', 0),
(2092, 9, '2023-11-25 13:00:00', 0),
(2093, 9, '2023-11-25 14:00:00', 0),
(2094, 9, '2023-11-25 15:00:00', 0),
(2095, 9, '2023-11-25 16:00:00', 0),
(2096, 9, '2023-11-26 09:00:00', 0),
(2097, 9, '2023-11-26 10:00:00', 0),
(2098, 9, '2023-11-26 11:00:00', 0),
(2099, 9, '2023-11-26 12:00:00', 0),
(2100, 9, '2023-11-26 13:00:00', 0),
(2101, 9, '2023-11-26 14:00:00', 0),
(2102, 9, '2023-11-26 15:00:00', 0),
(2103, 9, '2023-11-26 16:00:00', 0),
(2104, 9, '2023-11-27 09:00:00', 0),
(2105, 9, '2023-11-27 10:00:00', 0),
(2106, 9, '2023-11-27 11:00:00', 0),
(2107, 9, '2023-11-27 12:00:00', 0),
(2108, 9, '2023-11-27 13:00:00', 0),
(2109, 9, '2023-11-27 14:00:00', 0),
(2110, 9, '2023-11-27 15:00:00', 0),
(2111, 9, '2023-11-27 16:00:00', 0),
(2112, 9, '2023-11-28 09:00:00', 0),
(2113, 9, '2023-11-28 10:00:00', 0),
(2114, 9, '2023-11-28 11:00:00', 0),
(2115, 9, '2023-11-28 12:00:00', 0),
(2116, 9, '2023-11-28 13:00:00', 0),
(2117, 9, '2023-11-28 14:00:00', 0),
(2118, 9, '2023-11-28 15:00:00', 0),
(2119, 9, '2023-11-28 16:00:00', 0),
(2120, 9, '2023-11-29 09:00:00', 0),
(2121, 9, '2023-11-29 10:00:00', 0),
(2122, 9, '2023-11-29 11:00:00', 0),
(2123, 9, '2023-11-29 12:00:00', 0),
(2124, 9, '2023-11-29 13:00:00', 0),
(2125, 9, '2023-11-29 14:00:00', 0),
(2126, 9, '2023-11-29 15:00:00', 0),
(2127, 9, '2023-11-29 16:00:00', 0),
(2128, 9, '2023-11-30 09:00:00', 0),
(2129, 9, '2023-11-30 10:00:00', 0),
(2130, 9, '2023-11-30 11:00:00', 0),
(2131, 9, '2023-11-30 12:00:00', 0),
(2132, 9, '2023-11-30 13:00:00', 0),
(2133, 9, '2023-11-30 14:00:00', 0),
(2134, 9, '2023-11-30 15:00:00', 0),
(2135, 9, '2023-11-30 16:00:00', 0),
(2136, 9, '2023-12-01 09:00:00', 0),
(2137, 9, '2023-12-01 10:00:00', 0),
(2138, 9, '2023-12-01 11:00:00', 0),
(2139, 9, '2023-12-01 12:00:00', 0),
(2140, 9, '2023-12-01 13:00:00', 0),
(2141, 9, '2023-12-01 14:00:00', 0),
(2142, 9, '2023-12-01 15:00:00', 0),
(2143, 9, '2023-12-01 16:00:00', 0),
(2144, 9, '2023-12-02 09:00:00', 0),
(2145, 9, '2023-12-02 10:00:00', 0),
(2146, 9, '2023-12-02 11:00:00', 0),
(2147, 9, '2023-12-02 12:00:00', 0),
(2148, 9, '2023-12-02 13:00:00', 0),
(2149, 9, '2023-12-02 14:00:00', 0),
(2150, 9, '2023-12-02 15:00:00', 0),
(2151, 9, '2023-12-02 16:00:00', 0),
(2152, 9, '2023-12-03 09:00:00', 0),
(2153, 9, '2023-12-03 10:00:00', 0),
(2154, 9, '2023-12-03 11:00:00', 0),
(2155, 9, '2023-12-03 12:00:00', 0),
(2156, 9, '2023-12-03 13:00:00', 0),
(2157, 9, '2023-12-03 14:00:00', 0),
(2158, 9, '2023-12-03 15:00:00', 0),
(2159, 9, '2023-12-03 16:00:00', 0),
(2160, 9, '2023-12-04 09:00:00', 0),
(2161, 9, '2023-12-04 10:00:00', 0),
(2162, 9, '2023-12-04 11:00:00', 0),
(2163, 9, '2023-12-04 12:00:00', 0),
(2164, 9, '2023-12-04 13:00:00', 0),
(2165, 9, '2023-12-04 14:00:00', 0),
(2166, 9, '2023-12-04 15:00:00', 0),
(2167, 9, '2023-12-04 16:00:00', 0),
(2168, 9, '2023-12-05 09:00:00', 0),
(2169, 9, '2023-12-05 10:00:00', 0),
(2170, 9, '2023-12-05 11:00:00', 0),
(2171, 9, '2023-12-05 12:00:00', 0),
(2172, 9, '2023-12-05 13:00:00', 0),
(2173, 9, '2023-12-05 14:00:00', 0),
(2174, 9, '2023-12-05 15:00:00', 0),
(2175, 9, '2023-12-05 16:00:00', 0),
(2176, 9, '2023-12-06 09:00:00', 0),
(2177, 9, '2023-12-06 10:00:00', 0),
(2178, 9, '2023-12-06 11:00:00', 0),
(2179, 9, '2023-12-06 12:00:00', 0),
(2180, 9, '2023-12-06 13:00:00', 0),
(2181, 9, '2023-12-06 14:00:00', 0),
(2182, 9, '2023-12-06 15:00:00', 0),
(2183, 9, '2023-12-06 16:00:00', 0),
(2184, 9, '2023-12-07 09:00:00', 0),
(2185, 9, '2023-12-07 10:00:00', 0),
(2186, 9, '2023-12-07 11:00:00', 0),
(2187, 9, '2023-12-07 12:00:00', 0),
(2188, 9, '2023-12-07 13:00:00', 0),
(2189, 9, '2023-12-07 14:00:00', 0),
(2190, 9, '2023-12-07 15:00:00', 0),
(2191, 9, '2023-12-07 16:00:00', 0),
(2192, 9, '2023-12-08 09:00:00', 0),
(2193, 9, '2023-12-08 10:00:00', 0),
(2194, 9, '2023-12-08 11:00:00', 0),
(2195, 9, '2023-12-08 12:00:00', 0),
(2196, 9, '2023-12-08 13:00:00', 0),
(2197, 9, '2023-12-08 14:00:00', 0),
(2198, 9, '2023-12-08 15:00:00', 0),
(2199, 9, '2023-12-08 16:00:00', 0),
(2200, 9, '2023-12-09 09:00:00', 0),
(2201, 9, '2023-12-09 10:00:00', 0),
(2202, 9, '2023-12-09 11:00:00', 0),
(2203, 9, '2023-12-09 12:00:00', 0),
(2204, 9, '2023-12-09 13:00:00', 0),
(2205, 9, '2023-12-09 14:00:00', 0),
(2206, 9, '2023-12-09 15:00:00', 0),
(2207, 9, '2023-12-09 16:00:00', 0),
(2208, 9, '2023-12-10 09:00:00', 0),
(2209, 9, '2023-12-10 10:00:00', 0),
(2210, 9, '2023-12-10 11:00:00', 0),
(2211, 9, '2023-12-10 12:00:00', 0),
(2212, 9, '2023-12-10 13:00:00', 0),
(2213, 9, '2023-12-10 14:00:00', 0),
(2214, 9, '2023-12-10 15:00:00', 0),
(2215, 9, '2023-12-10 16:00:00', 0),
(2216, 9, '2023-12-11 09:00:00', 0),
(2217, 9, '2023-12-11 10:00:00', 0),
(2218, 9, '2023-12-11 11:00:00', 0),
(2219, 9, '2023-12-11 12:00:00', 0),
(2220, 9, '2023-12-11 13:00:00', 0),
(2221, 9, '2023-12-11 14:00:00', 0),
(2222, 9, '2023-12-11 15:00:00', 0),
(2223, 9, '2023-12-11 16:00:00', 0),
(2224, 9, '2023-12-12 09:00:00', 0),
(2225, 9, '2023-12-12 10:00:00', 0),
(2226, 9, '2023-12-12 11:00:00', 0),
(2227, 9, '2023-12-12 12:00:00', 0),
(2228, 9, '2023-12-12 13:00:00', 0),
(2229, 9, '2023-12-12 14:00:00', 0),
(2230, 9, '2023-12-12 15:00:00', 0),
(2231, 9, '2023-12-12 16:00:00', 0),
(2232, 9, '2023-12-13 09:00:00', 0),
(2233, 9, '2023-12-13 10:00:00', 0),
(2234, 9, '2023-12-13 11:00:00', 0),
(2235, 9, '2023-12-13 12:00:00', 0),
(2236, 9, '2023-12-13 13:00:00', 0),
(2237, 9, '2023-12-13 14:00:00', 0),
(2238, 9, '2023-12-13 15:00:00', 0),
(2239, 9, '2023-12-13 16:00:00', 0),
(2240, 9, '2023-12-14 09:00:00', 0),
(2241, 9, '2023-12-14 10:00:00', 0),
(2242, 9, '2023-12-14 11:00:00', 0),
(2243, 9, '2023-12-14 12:00:00', 0),
(2244, 9, '2023-12-14 13:00:00', 0),
(2245, 9, '2023-12-14 14:00:00', 0),
(2246, 9, '2023-12-14 15:00:00', 0),
(2247, 9, '2023-12-14 16:00:00', 0),
(2248, 10, '2023-11-14 09:00:00', 0),
(2249, 10, '2023-11-14 10:00:00', 0),
(2250, 10, '2023-11-14 11:00:00', 0),
(2251, 10, '2023-11-14 12:00:00', 0),
(2252, 10, '2023-11-14 13:00:00', 0),
(2253, 10, '2023-11-14 14:00:00', 0),
(2254, 10, '2023-11-14 15:00:00', 0),
(2255, 10, '2023-11-14 16:00:00', 0),
(2256, 10, '2023-11-15 09:00:00', 0),
(2257, 10, '2023-11-15 10:00:00', 0),
(2258, 10, '2023-11-15 11:00:00', 0),
(2259, 10, '2023-11-15 12:00:00', 0),
(2260, 10, '2023-11-15 13:00:00', 0),
(2261, 10, '2023-11-15 14:00:00', 0),
(2262, 10, '2023-11-15 15:00:00', 0),
(2263, 10, '2023-11-15 16:00:00', 0),
(2264, 10, '2023-11-16 09:00:00', 0),
(2265, 10, '2023-11-16 10:00:00', 0),
(2266, 10, '2023-11-16 11:00:00', 0),
(2267, 10, '2023-11-16 12:00:00', 0),
(2268, 10, '2023-11-16 13:00:00', 0),
(2269, 10, '2023-11-16 14:00:00', 0),
(2270, 10, '2023-11-16 15:00:00', 0),
(2271, 10, '2023-11-16 16:00:00', 0),
(2272, 10, '2023-11-17 09:00:00', 0),
(2273, 10, '2023-11-17 10:00:00', 0),
(2274, 10, '2023-11-17 11:00:00', 0),
(2275, 10, '2023-11-17 12:00:00', 0),
(2276, 10, '2023-11-17 13:00:00', 0),
(2277, 10, '2023-11-17 14:00:00', 0),
(2278, 10, '2023-11-17 15:00:00', 0),
(2279, 10, '2023-11-17 16:00:00', 0),
(2280, 10, '2023-11-18 09:00:00', 0),
(2281, 10, '2023-11-18 10:00:00', 0),
(2282, 10, '2023-11-18 11:00:00', 0),
(2283, 10, '2023-11-18 12:00:00', 0),
(2284, 10, '2023-11-18 13:00:00', 0),
(2285, 10, '2023-11-18 14:00:00', 0),
(2286, 10, '2023-11-18 15:00:00', 0),
(2287, 10, '2023-11-18 16:00:00', 0),
(2288, 10, '2023-11-19 09:00:00', 0),
(2289, 10, '2023-11-19 10:00:00', 0),
(2290, 10, '2023-11-19 11:00:00', 0),
(2291, 10, '2023-11-19 12:00:00', 0),
(2292, 10, '2023-11-19 13:00:00', 0),
(2293, 10, '2023-11-19 14:00:00', 0),
(2294, 10, '2023-11-19 15:00:00', 0),
(2295, 10, '2023-11-19 16:00:00', 0),
(2296, 10, '2023-11-20 09:00:00', 0),
(2297, 10, '2023-11-20 10:00:00', 0),
(2298, 10, '2023-11-20 11:00:00', 0),
(2299, 10, '2023-11-20 12:00:00', 0),
(2300, 10, '2023-11-20 13:00:00', 0),
(2301, 10, '2023-11-20 14:00:00', 0),
(2302, 10, '2023-11-20 15:00:00', 0),
(2303, 10, '2023-11-20 16:00:00', 0),
(2304, 10, '2023-11-21 09:00:00', 0),
(2305, 10, '2023-11-21 10:00:00', 0),
(2306, 10, '2023-11-21 11:00:00', 0),
(2307, 10, '2023-11-21 12:00:00', 0),
(2308, 10, '2023-11-21 13:00:00', 0),
(2309, 10, '2023-11-21 14:00:00', 0),
(2310, 10, '2023-11-21 15:00:00', 0),
(2311, 10, '2023-11-21 16:00:00', 0),
(2312, 10, '2023-11-22 09:00:00', 0),
(2313, 10, '2023-11-22 10:00:00', 0),
(2314, 10, '2023-11-22 11:00:00', 0),
(2315, 10, '2023-11-22 12:00:00', 0),
(2316, 10, '2023-11-22 13:00:00', 0),
(2317, 10, '2023-11-22 14:00:00', 0),
(2318, 10, '2023-11-22 15:00:00', 0),
(2319, 10, '2023-11-22 16:00:00', 0),
(2320, 10, '2023-11-23 09:00:00', 0),
(2321, 10, '2023-11-23 10:00:00', 0),
(2322, 10, '2023-11-23 11:00:00', 0),
(2323, 10, '2023-11-23 12:00:00', 0),
(2324, 10, '2023-11-23 13:00:00', 0),
(2325, 10, '2023-11-23 14:00:00', 0),
(2326, 10, '2023-11-23 15:00:00', 0),
(2327, 10, '2023-11-23 16:00:00', 0),
(2328, 10, '2023-11-24 09:00:00', 0),
(2329, 10, '2023-11-24 10:00:00', 0),
(2330, 10, '2023-11-24 11:00:00', 0),
(2331, 10, '2023-11-24 12:00:00', 0),
(2332, 10, '2023-11-24 13:00:00', 0),
(2333, 10, '2023-11-24 14:00:00', 0),
(2334, 10, '2023-11-24 15:00:00', 0),
(2335, 10, '2023-11-24 16:00:00', 0),
(2336, 10, '2023-11-25 09:00:00', 0),
(2337, 10, '2023-11-25 10:00:00', 0),
(2338, 10, '2023-11-25 11:00:00', 0),
(2339, 10, '2023-11-25 12:00:00', 0),
(2340, 10, '2023-11-25 13:00:00', 0),
(2341, 10, '2023-11-25 14:00:00', 0),
(2342, 10, '2023-11-25 15:00:00', 0),
(2343, 10, '2023-11-25 16:00:00', 0),
(2344, 10, '2023-11-26 09:00:00', 0),
(2345, 10, '2023-11-26 10:00:00', 0),
(2346, 10, '2023-11-26 11:00:00', 0),
(2347, 10, '2023-11-26 12:00:00', 0),
(2348, 10, '2023-11-26 13:00:00', 0),
(2349, 10, '2023-11-26 14:00:00', 0),
(2350, 10, '2023-11-26 15:00:00', 0),
(2351, 10, '2023-11-26 16:00:00', 0),
(2352, 10, '2023-11-27 09:00:00', 0),
(2353, 10, '2023-11-27 10:00:00', 0),
(2354, 10, '2023-11-27 11:00:00', 0),
(2355, 10, '2023-11-27 12:00:00', 0),
(2356, 10, '2023-11-27 13:00:00', 0),
(2357, 10, '2023-11-27 14:00:00', 0),
(2358, 10, '2023-11-27 15:00:00', 0),
(2359, 10, '2023-11-27 16:00:00', 0),
(2360, 10, '2023-11-28 09:00:00', 0),
(2361, 10, '2023-11-28 10:00:00', 0),
(2362, 10, '2023-11-28 11:00:00', 0),
(2363, 10, '2023-11-28 12:00:00', 0),
(2364, 10, '2023-11-28 13:00:00', 0),
(2365, 10, '2023-11-28 14:00:00', 0),
(2366, 10, '2023-11-28 15:00:00', 0),
(2367, 10, '2023-11-28 16:00:00', 0),
(2368, 10, '2023-11-29 09:00:00', 0),
(2369, 10, '2023-11-29 10:00:00', 0),
(2370, 10, '2023-11-29 11:00:00', 0),
(2371, 10, '2023-11-29 12:00:00', 0),
(2372, 10, '2023-11-29 13:00:00', 0),
(2373, 10, '2023-11-29 14:00:00', 0),
(2374, 10, '2023-11-29 15:00:00', 0),
(2375, 10, '2023-11-29 16:00:00', 0),
(2376, 10, '2023-11-30 09:00:00', 0),
(2377, 10, '2023-11-30 10:00:00', 0),
(2378, 10, '2023-11-30 11:00:00', 0),
(2379, 10, '2023-11-30 12:00:00', 0),
(2380, 10, '2023-11-30 13:00:00', 0),
(2381, 10, '2023-11-30 14:00:00', 0),
(2382, 10, '2023-11-30 15:00:00', 0),
(2383, 10, '2023-11-30 16:00:00', 0),
(2384, 10, '2023-12-01 09:00:00', 0),
(2385, 10, '2023-12-01 10:00:00', 0),
(2386, 10, '2023-12-01 11:00:00', 0),
(2387, 10, '2023-12-01 12:00:00', 0),
(2388, 10, '2023-12-01 13:00:00', 0),
(2389, 10, '2023-12-01 14:00:00', 0),
(2390, 10, '2023-12-01 15:00:00', 0),
(2391, 10, '2023-12-01 16:00:00', 0),
(2392, 10, '2023-12-02 09:00:00', 0),
(2393, 10, '2023-12-02 10:00:00', 0),
(2394, 10, '2023-12-02 11:00:00', 0),
(2395, 10, '2023-12-02 12:00:00', 0),
(2396, 10, '2023-12-02 13:00:00', 0),
(2397, 10, '2023-12-02 14:00:00', 0),
(2398, 10, '2023-12-02 15:00:00', 0),
(2399, 10, '2023-12-02 16:00:00', 0),
(2400, 10, '2023-12-03 09:00:00', 0),
(2401, 10, '2023-12-03 10:00:00', 0),
(2402, 10, '2023-12-03 11:00:00', 0),
(2403, 10, '2023-12-03 12:00:00', 0),
(2404, 10, '2023-12-03 13:00:00', 0),
(2405, 10, '2023-12-03 14:00:00', 0),
(2406, 10, '2023-12-03 15:00:00', 0),
(2407, 10, '2023-12-03 16:00:00', 0),
(2408, 10, '2023-12-04 09:00:00', 0),
(2409, 10, '2023-12-04 10:00:00', 0),
(2410, 10, '2023-12-04 11:00:00', 0),
(2411, 10, '2023-12-04 12:00:00', 0),
(2412, 10, '2023-12-04 13:00:00', 0),
(2413, 10, '2023-12-04 14:00:00', 0),
(2414, 10, '2023-12-04 15:00:00', 0),
(2415, 10, '2023-12-04 16:00:00', 0),
(2416, 10, '2023-12-05 09:00:00', 0),
(2417, 10, '2023-12-05 10:00:00', 0),
(2418, 10, '2023-12-05 11:00:00', 0),
(2419, 10, '2023-12-05 12:00:00', 0),
(2420, 10, '2023-12-05 13:00:00', 0),
(2421, 10, '2023-12-05 14:00:00', 0),
(2422, 10, '2023-12-05 15:00:00', 0),
(2423, 10, '2023-12-05 16:00:00', 0),
(2424, 10, '2023-12-06 09:00:00', 0),
(2425, 10, '2023-12-06 10:00:00', 0),
(2426, 10, '2023-12-06 11:00:00', 0),
(2427, 10, '2023-12-06 12:00:00', 0),
(2428, 10, '2023-12-06 13:00:00', 0),
(2429, 10, '2023-12-06 14:00:00', 0),
(2430, 10, '2023-12-06 15:00:00', 0),
(2431, 10, '2023-12-06 16:00:00', 0),
(2432, 10, '2023-12-07 09:00:00', 0),
(2433, 10, '2023-12-07 10:00:00', 0),
(2434, 10, '2023-12-07 11:00:00', 0),
(2435, 10, '2023-12-07 12:00:00', 0),
(2436, 10, '2023-12-07 13:00:00', 0),
(2437, 10, '2023-12-07 14:00:00', 0),
(2438, 10, '2023-12-07 15:00:00', 0),
(2439, 10, '2023-12-07 16:00:00', 0),
(2440, 10, '2023-12-08 09:00:00', 0),
(2441, 10, '2023-12-08 10:00:00', 0),
(2442, 10, '2023-12-08 11:00:00', 0),
(2443, 10, '2023-12-08 12:00:00', 0),
(2444, 10, '2023-12-08 13:00:00', 0),
(2445, 10, '2023-12-08 14:00:00', 0),
(2446, 10, '2023-12-08 15:00:00', 0),
(2447, 10, '2023-12-08 16:00:00', 0),
(2448, 10, '2023-12-09 09:00:00', 0),
(2449, 10, '2023-12-09 10:00:00', 0),
(2450, 10, '2023-12-09 11:00:00', 0),
(2451, 10, '2023-12-09 12:00:00', 0),
(2452, 10, '2023-12-09 13:00:00', 0),
(2453, 10, '2023-12-09 14:00:00', 0),
(2454, 10, '2023-12-09 15:00:00', 0),
(2455, 10, '2023-12-09 16:00:00', 0),
(2456, 10, '2023-12-10 09:00:00', 0),
(2457, 10, '2023-12-10 10:00:00', 0),
(2458, 10, '2023-12-10 11:00:00', 0),
(2459, 10, '2023-12-10 12:00:00', 0),
(2460, 10, '2023-12-10 13:00:00', 0),
(2461, 10, '2023-12-10 14:00:00', 0),
(2462, 10, '2023-12-10 15:00:00', 0),
(2463, 10, '2023-12-10 16:00:00', 0),
(2464, 10, '2023-12-11 09:00:00', 0),
(2465, 10, '2023-12-11 10:00:00', 0),
(2466, 10, '2023-12-11 11:00:00', 0),
(2467, 10, '2023-12-11 12:00:00', 0),
(2468, 10, '2023-12-11 13:00:00', 0),
(2469, 10, '2023-12-11 14:00:00', 0),
(2470, 10, '2023-12-11 15:00:00', 0),
(2471, 10, '2023-12-11 16:00:00', 0),
(2472, 10, '2023-12-12 09:00:00', 0),
(2473, 10, '2023-12-12 10:00:00', 0),
(2474, 10, '2023-12-12 11:00:00', 0),
(2475, 10, '2023-12-12 12:00:00', 0),
(2476, 10, '2023-12-12 13:00:00', 0),
(2477, 10, '2023-12-12 14:00:00', 0),
(2478, 10, '2023-12-12 15:00:00', 0),
(2479, 10, '2023-12-12 16:00:00', 0),
(2480, 10, '2023-12-13 09:00:00', 0),
(2481, 10, '2023-12-13 10:00:00', 0),
(2482, 10, '2023-12-13 11:00:00', 0),
(2483, 10, '2023-12-13 12:00:00', 0),
(2484, 10, '2023-12-13 13:00:00', 0),
(2485, 10, '2023-12-13 14:00:00', 0),
(2486, 10, '2023-12-13 15:00:00', 0),
(2487, 10, '2023-12-13 16:00:00', 0),
(2488, 10, '2023-12-14 09:00:00', 0),
(2489, 10, '2023-12-14 10:00:00', 0),
(2490, 10, '2023-12-14 11:00:00', 0),
(2491, 10, '2023-12-14 12:00:00', 0),
(2492, 10, '2023-12-14 13:00:00', 0),
(2493, 10, '2023-12-14 14:00:00', 0),
(2494, 10, '2023-12-14 15:00:00', 0),
(2495, 10, '2023-12-14 16:00:00', 0),
(2496, 11, '2023-11-14 09:00:00', 0),
(2497, 11, '2023-11-14 10:00:00', 0),
(2498, 11, '2023-11-14 11:00:00', 0),
(2499, 11, '2023-11-14 12:00:00', 0),
(2500, 11, '2023-11-14 13:00:00', 0),
(2501, 11, '2023-11-14 14:00:00', 0),
(2502, 11, '2023-11-14 15:00:00', 0),
(2503, 11, '2023-11-14 16:00:00', 0),
(2504, 11, '2023-11-15 09:00:00', 0),
(2505, 11, '2023-11-15 10:00:00', 0),
(2506, 11, '2023-11-15 11:00:00', 0),
(2507, 11, '2023-11-15 12:00:00', 0),
(2508, 11, '2023-11-15 13:00:00', 0),
(2509, 11, '2023-11-15 14:00:00', 0),
(2510, 11, '2023-11-15 15:00:00', 0),
(2511, 11, '2023-11-15 16:00:00', 0),
(2512, 11, '2023-11-16 09:00:00', 0),
(2513, 11, '2023-11-16 10:00:00', 0),
(2514, 11, '2023-11-16 11:00:00', 0),
(2515, 11, '2023-11-16 12:00:00', 0),
(2516, 11, '2023-11-16 13:00:00', 0),
(2517, 11, '2023-11-16 14:00:00', 0),
(2518, 11, '2023-11-16 15:00:00', 0),
(2519, 11, '2023-11-16 16:00:00', 0),
(2520, 11, '2023-11-17 09:00:00', 0),
(2521, 11, '2023-11-17 10:00:00', 0),
(2522, 11, '2023-11-17 11:00:00', 0),
(2523, 11, '2023-11-17 12:00:00', 0),
(2524, 11, '2023-11-17 13:00:00', 0),
(2525, 11, '2023-11-17 14:00:00', 0),
(2526, 11, '2023-11-17 15:00:00', 0),
(2527, 11, '2023-11-17 16:00:00', 0),
(2528, 11, '2023-11-18 09:00:00', 0),
(2529, 11, '2023-11-18 10:00:00', 0),
(2530, 11, '2023-11-18 11:00:00', 0),
(2531, 11, '2023-11-18 12:00:00', 0),
(2532, 11, '2023-11-18 13:00:00', 0),
(2533, 11, '2023-11-18 14:00:00', 0),
(2534, 11, '2023-11-18 15:00:00', 0),
(2535, 11, '2023-11-18 16:00:00', 0),
(2536, 11, '2023-11-19 09:00:00', 0),
(2537, 11, '2023-11-19 10:00:00', 0),
(2538, 11, '2023-11-19 11:00:00', 0),
(2539, 11, '2023-11-19 12:00:00', 0),
(2540, 11, '2023-11-19 13:00:00', 0),
(2541, 11, '2023-11-19 14:00:00', 0),
(2542, 11, '2023-11-19 15:00:00', 0),
(2543, 11, '2023-11-19 16:00:00', 0),
(2544, 11, '2023-11-20 09:00:00', 0),
(2545, 11, '2023-11-20 10:00:00', 0),
(2546, 11, '2023-11-20 11:00:00', 0),
(2547, 11, '2023-11-20 12:00:00', 0),
(2548, 11, '2023-11-20 13:00:00', 0),
(2549, 11, '2023-11-20 14:00:00', 0),
(2550, 11, '2023-11-20 15:00:00', 0),
(2551, 11, '2023-11-20 16:00:00', 0),
(2552, 11, '2023-11-21 09:00:00', 0),
(2553, 11, '2023-11-21 10:00:00', 0),
(2554, 11, '2023-11-21 11:00:00', 0),
(2555, 11, '2023-11-21 12:00:00', 0),
(2556, 11, '2023-11-21 13:00:00', 0),
(2557, 11, '2023-11-21 14:00:00', 0),
(2558, 11, '2023-11-21 15:00:00', 0),
(2559, 11, '2023-11-21 16:00:00', 0),
(2560, 11, '2023-11-22 09:00:00', 0),
(2561, 11, '2023-11-22 10:00:00', 0),
(2562, 11, '2023-11-22 11:00:00', 0),
(2563, 11, '2023-11-22 12:00:00', 0),
(2564, 11, '2023-11-22 13:00:00', 0),
(2565, 11, '2023-11-22 14:00:00', 0),
(2566, 11, '2023-11-22 15:00:00', 0),
(2567, 11, '2023-11-22 16:00:00', 0),
(2568, 11, '2023-11-23 09:00:00', 0),
(2569, 11, '2023-11-23 10:00:00', 0),
(2570, 11, '2023-11-23 11:00:00', 0),
(2571, 11, '2023-11-23 12:00:00', 0),
(2572, 11, '2023-11-23 13:00:00', 0),
(2573, 11, '2023-11-23 14:00:00', 0),
(2574, 11, '2023-11-23 15:00:00', 0),
(2575, 11, '2023-11-23 16:00:00', 0),
(2576, 11, '2023-11-24 09:00:00', 0),
(2577, 11, '2023-11-24 10:00:00', 0),
(2578, 11, '2023-11-24 11:00:00', 0),
(2579, 11, '2023-11-24 12:00:00', 0),
(2580, 11, '2023-11-24 13:00:00', 0),
(2581, 11, '2023-11-24 14:00:00', 0),
(2582, 11, '2023-11-24 15:00:00', 0),
(2583, 11, '2023-11-24 16:00:00', 0),
(2584, 11, '2023-11-25 09:00:00', 0),
(2585, 11, '2023-11-25 10:00:00', 0),
(2586, 11, '2023-11-25 11:00:00', 0),
(2587, 11, '2023-11-25 12:00:00', 0),
(2588, 11, '2023-11-25 13:00:00', 0),
(2589, 11, '2023-11-25 14:00:00', 0),
(2590, 11, '2023-11-25 15:00:00', 0),
(2591, 11, '2023-11-25 16:00:00', 0),
(2592, 11, '2023-11-26 09:00:00', 0),
(2593, 11, '2023-11-26 10:00:00', 0),
(2594, 11, '2023-11-26 11:00:00', 0),
(2595, 11, '2023-11-26 12:00:00', 0),
(2596, 11, '2023-11-26 13:00:00', 0),
(2597, 11, '2023-11-26 14:00:00', 0),
(2598, 11, '2023-11-26 15:00:00', 0),
(2599, 11, '2023-11-26 16:00:00', 0),
(2600, 11, '2023-11-27 09:00:00', 0),
(2601, 11, '2023-11-27 10:00:00', 0),
(2602, 11, '2023-11-27 11:00:00', 0),
(2603, 11, '2023-11-27 12:00:00', 0),
(2604, 11, '2023-11-27 13:00:00', 0),
(2605, 11, '2023-11-27 14:00:00', 0),
(2606, 11, '2023-11-27 15:00:00', 0),
(2607, 11, '2023-11-27 16:00:00', 0),
(2608, 11, '2023-11-28 09:00:00', 0),
(2609, 11, '2023-11-28 10:00:00', 0),
(2610, 11, '2023-11-28 11:00:00', 0),
(2611, 11, '2023-11-28 12:00:00', 0),
(2612, 11, '2023-11-28 13:00:00', 0),
(2613, 11, '2023-11-28 14:00:00', 0),
(2614, 11, '2023-11-28 15:00:00', 0),
(2615, 11, '2023-11-28 16:00:00', 0),
(2616, 11, '2023-11-29 09:00:00', 0),
(2617, 11, '2023-11-29 10:00:00', 0),
(2618, 11, '2023-11-29 11:00:00', 0),
(2619, 11, '2023-11-29 12:00:00', 0),
(2620, 11, '2023-11-29 13:00:00', 0),
(2621, 11, '2023-11-29 14:00:00', 0),
(2622, 11, '2023-11-29 15:00:00', 0),
(2623, 11, '2023-11-29 16:00:00', 0),
(2624, 11, '2023-11-30 09:00:00', 0),
(2625, 11, '2023-11-30 10:00:00', 0),
(2626, 11, '2023-11-30 11:00:00', 0),
(2627, 11, '2023-11-30 12:00:00', 0),
(2628, 11, '2023-11-30 13:00:00', 0),
(2629, 11, '2023-11-30 14:00:00', 0),
(2630, 11, '2023-11-30 15:00:00', 0),
(2631, 11, '2023-11-30 16:00:00', 0),
(2632, 11, '2023-12-01 09:00:00', 0),
(2633, 11, '2023-12-01 10:00:00', 0),
(2634, 11, '2023-12-01 11:00:00', 0),
(2635, 11, '2023-12-01 12:00:00', 0),
(2636, 11, '2023-12-01 13:00:00', 0),
(2637, 11, '2023-12-01 14:00:00', 0),
(2638, 11, '2023-12-01 15:00:00', 0),
(2639, 11, '2023-12-01 16:00:00', 0),
(2640, 11, '2023-12-02 09:00:00', 0),
(2641, 11, '2023-12-02 10:00:00', 0),
(2642, 11, '2023-12-02 11:00:00', 0),
(2643, 11, '2023-12-02 12:00:00', 0),
(2644, 11, '2023-12-02 13:00:00', 0),
(2645, 11, '2023-12-02 14:00:00', 0),
(2646, 11, '2023-12-02 15:00:00', 0),
(2647, 11, '2023-12-02 16:00:00', 0),
(2648, 11, '2023-12-03 09:00:00', 0),
(2649, 11, '2023-12-03 10:00:00', 0),
(2650, 11, '2023-12-03 11:00:00', 0),
(2651, 11, '2023-12-03 12:00:00', 0),
(2652, 11, '2023-12-03 13:00:00', 0),
(2653, 11, '2023-12-03 14:00:00', 0),
(2654, 11, '2023-12-03 15:00:00', 0),
(2655, 11, '2023-12-03 16:00:00', 0),
(2656, 11, '2023-12-04 09:00:00', 0),
(2657, 11, '2023-12-04 10:00:00', 0),
(2658, 11, '2023-12-04 11:00:00', 0),
(2659, 11, '2023-12-04 12:00:00', 0),
(2660, 11, '2023-12-04 13:00:00', 0),
(2661, 11, '2023-12-04 14:00:00', 0),
(2662, 11, '2023-12-04 15:00:00', 0),
(2663, 11, '2023-12-04 16:00:00', 0),
(2664, 11, '2023-12-05 09:00:00', 0),
(2665, 11, '2023-12-05 10:00:00', 0),
(2666, 11, '2023-12-05 11:00:00', 0),
(2667, 11, '2023-12-05 12:00:00', 0),
(2668, 11, '2023-12-05 13:00:00', 0),
(2669, 11, '2023-12-05 14:00:00', 0),
(2670, 11, '2023-12-05 15:00:00', 0),
(2671, 11, '2023-12-05 16:00:00', 0),
(2672, 11, '2023-12-06 09:00:00', 0),
(2673, 11, '2023-12-06 10:00:00', 0),
(2674, 11, '2023-12-06 11:00:00', 0),
(2675, 11, '2023-12-06 12:00:00', 0),
(2676, 11, '2023-12-06 13:00:00', 0),
(2677, 11, '2023-12-06 14:00:00', 0),
(2678, 11, '2023-12-06 15:00:00', 0),
(2679, 11, '2023-12-06 16:00:00', 0),
(2680, 11, '2023-12-07 09:00:00', 0),
(2681, 11, '2023-12-07 10:00:00', 0),
(2682, 11, '2023-12-07 11:00:00', 0),
(2683, 11, '2023-12-07 12:00:00', 0),
(2684, 11, '2023-12-07 13:00:00', 0),
(2685, 11, '2023-12-07 14:00:00', 0),
(2686, 11, '2023-12-07 15:00:00', 0),
(2687, 11, '2023-12-07 16:00:00', 0),
(2688, 11, '2023-12-08 09:00:00', 0),
(2689, 11, '2023-12-08 10:00:00', 0),
(2690, 11, '2023-12-08 11:00:00', 0),
(2691, 11, '2023-12-08 12:00:00', 0),
(2692, 11, '2023-12-08 13:00:00', 0),
(2693, 11, '2023-12-08 14:00:00', 0),
(2694, 11, '2023-12-08 15:00:00', 0),
(2695, 11, '2023-12-08 16:00:00', 0),
(2696, 11, '2023-12-09 09:00:00', 0),
(2697, 11, '2023-12-09 10:00:00', 0),
(2698, 11, '2023-12-09 11:00:00', 0),
(2699, 11, '2023-12-09 12:00:00', 0),
(2700, 11, '2023-12-09 13:00:00', 0),
(2701, 11, '2023-12-09 14:00:00', 0),
(2702, 11, '2023-12-09 15:00:00', 0),
(2703, 11, '2023-12-09 16:00:00', 0),
(2704, 11, '2023-12-10 09:00:00', 0),
(2705, 11, '2023-12-10 10:00:00', 0),
(2706, 11, '2023-12-10 11:00:00', 0),
(2707, 11, '2023-12-10 12:00:00', 0),
(2708, 11, '2023-12-10 13:00:00', 0),
(2709, 11, '2023-12-10 14:00:00', 0),
(2710, 11, '2023-12-10 15:00:00', 0),
(2711, 11, '2023-12-10 16:00:00', 0),
(2712, 11, '2023-12-11 09:00:00', 0),
(2713, 11, '2023-12-11 10:00:00', 0),
(2714, 11, '2023-12-11 11:00:00', 0),
(2715, 11, '2023-12-11 12:00:00', 0),
(2716, 11, '2023-12-11 13:00:00', 0),
(2717, 11, '2023-12-11 14:00:00', 0),
(2718, 11, '2023-12-11 15:00:00', 0),
(2719, 11, '2023-12-11 16:00:00', 0),
(2720, 11, '2023-12-12 09:00:00', 0),
(2721, 11, '2023-12-12 10:00:00', 0),
(2722, 11, '2023-12-12 11:00:00', 0),
(2723, 11, '2023-12-12 12:00:00', 0),
(2724, 11, '2023-12-12 13:00:00', 0),
(2725, 11, '2023-12-12 14:00:00', 0),
(2726, 11, '2023-12-12 15:00:00', 0),
(2727, 11, '2023-12-12 16:00:00', 0),
(2728, 11, '2023-12-13 09:00:00', 0),
(2729, 11, '2023-12-13 10:00:00', 0),
(2730, 11, '2023-12-13 11:00:00', 0),
(2731, 11, '2023-12-13 12:00:00', 0),
(2732, 11, '2023-12-13 13:00:00', 0),
(2733, 11, '2023-12-13 14:00:00', 0),
(2734, 11, '2023-12-13 15:00:00', 0),
(2735, 11, '2023-12-13 16:00:00', 0),
(2736, 11, '2023-12-14 09:00:00', 0),
(2737, 11, '2023-12-14 10:00:00', 0),
(2738, 11, '2023-12-14 11:00:00', 0),
(2739, 11, '2023-12-14 12:00:00', 0),
(2740, 11, '2023-12-14 13:00:00', 0),
(2741, 11, '2023-12-14 14:00:00', 0),
(2742, 11, '2023-12-14 15:00:00', 0),
(2743, 11, '2023-12-14 16:00:00', 0),
(2744, 12, '2023-11-14 09:00:00', 0),
(2745, 12, '2023-11-14 10:00:00', 0),
(2746, 12, '2023-11-14 11:00:00', 0),
(2747, 12, '2023-11-14 12:00:00', 0),
(2748, 12, '2023-11-14 13:00:00', 0),
(2749, 12, '2023-11-14 14:00:00', 0),
(2750, 12, '2023-11-14 15:00:00', 0),
(2751, 12, '2023-11-14 16:00:00', 0),
(2752, 12, '2023-11-15 09:00:00', 0),
(2753, 12, '2023-11-15 10:00:00', 0),
(2754, 12, '2023-11-15 11:00:00', 0),
(2755, 12, '2023-11-15 12:00:00', 0),
(2756, 12, '2023-11-15 13:00:00', 0),
(2757, 12, '2023-11-15 14:00:00', 0),
(2758, 12, '2023-11-15 15:00:00', 0),
(2759, 12, '2023-11-15 16:00:00', 0),
(2760, 12, '2023-11-16 09:00:00', 0),
(2761, 12, '2023-11-16 10:00:00', 0),
(2762, 12, '2023-11-16 11:00:00', 0),
(2763, 12, '2023-11-16 12:00:00', 0),
(2764, 12, '2023-11-16 13:00:00', 0),
(2765, 12, '2023-11-16 14:00:00', 0),
(2766, 12, '2023-11-16 15:00:00', 0),
(2767, 12, '2023-11-16 16:00:00', 0),
(2768, 12, '2023-11-17 09:00:00', 0),
(2769, 12, '2023-11-17 10:00:00', 0),
(2770, 12, '2023-11-17 11:00:00', 0),
(2771, 12, '2023-11-17 12:00:00', 0),
(2772, 12, '2023-11-17 13:00:00', 0),
(2773, 12, '2023-11-17 14:00:00', 0),
(2774, 12, '2023-11-17 15:00:00', 0),
(2775, 12, '2023-11-17 16:00:00', 0),
(2776, 12, '2023-11-18 09:00:00', 0),
(2777, 12, '2023-11-18 10:00:00', 0),
(2778, 12, '2023-11-18 11:00:00', 0),
(2779, 12, '2023-11-18 12:00:00', 0),
(2780, 12, '2023-11-18 13:00:00', 0),
(2781, 12, '2023-11-18 14:00:00', 0),
(2782, 12, '2023-11-18 15:00:00', 0),
(2783, 12, '2023-11-18 16:00:00', 0),
(2784, 12, '2023-11-19 09:00:00', 0),
(2785, 12, '2023-11-19 10:00:00', 0),
(2786, 12, '2023-11-19 11:00:00', 0),
(2787, 12, '2023-11-19 12:00:00', 0),
(2788, 12, '2023-11-19 13:00:00', 0),
(2789, 12, '2023-11-19 14:00:00', 0),
(2790, 12, '2023-11-19 15:00:00', 0),
(2791, 12, '2023-11-19 16:00:00', 0),
(2792, 12, '2023-11-20 09:00:00', 0),
(2793, 12, '2023-11-20 10:00:00', 0),
(2794, 12, '2023-11-20 11:00:00', 0),
(2795, 12, '2023-11-20 12:00:00', 0),
(2796, 12, '2023-11-20 13:00:00', 0),
(2797, 12, '2023-11-20 14:00:00', 0),
(2798, 12, '2023-11-20 15:00:00', 0),
(2799, 12, '2023-11-20 16:00:00', 0),
(2800, 12, '2023-11-21 09:00:00', 0),
(2801, 12, '2023-11-21 10:00:00', 0),
(2802, 12, '2023-11-21 11:00:00', 0),
(2803, 12, '2023-11-21 12:00:00', 0),
(2804, 12, '2023-11-21 13:00:00', 0),
(2805, 12, '2023-11-21 14:00:00', 0),
(2806, 12, '2023-11-21 15:00:00', 0),
(2807, 12, '2023-11-21 16:00:00', 0),
(2808, 12, '2023-11-22 09:00:00', 0),
(2809, 12, '2023-11-22 10:00:00', 0),
(2810, 12, '2023-11-22 11:00:00', 0),
(2811, 12, '2023-11-22 12:00:00', 0),
(2812, 12, '2023-11-22 13:00:00', 0),
(2813, 12, '2023-11-22 14:00:00', 0),
(2814, 12, '2023-11-22 15:00:00', 0),
(2815, 12, '2023-11-22 16:00:00', 0),
(2816, 12, '2023-11-23 09:00:00', 0),
(2817, 12, '2023-11-23 10:00:00', 0),
(2818, 12, '2023-11-23 11:00:00', 0),
(2819, 12, '2023-11-23 12:00:00', 0),
(2820, 12, '2023-11-23 13:00:00', 0),
(2821, 12, '2023-11-23 14:00:00', 0),
(2822, 12, '2023-11-23 15:00:00', 0),
(2823, 12, '2023-11-23 16:00:00', 0),
(2824, 12, '2023-11-24 09:00:00', 0),
(2825, 12, '2023-11-24 10:00:00', 0),
(2826, 12, '2023-11-24 11:00:00', 0),
(2827, 12, '2023-11-24 12:00:00', 0),
(2828, 12, '2023-11-24 13:00:00', 0),
(2829, 12, '2023-11-24 14:00:00', 0),
(2830, 12, '2023-11-24 15:00:00', 0),
(2831, 12, '2023-11-24 16:00:00', 0),
(2832, 12, '2023-11-25 09:00:00', 0),
(2833, 12, '2023-11-25 10:00:00', 0),
(2834, 12, '2023-11-25 11:00:00', 0),
(2835, 12, '2023-11-25 12:00:00', 0),
(2836, 12, '2023-11-25 13:00:00', 0),
(2837, 12, '2023-11-25 14:00:00', 0),
(2838, 12, '2023-11-25 15:00:00', 0),
(2839, 12, '2023-11-25 16:00:00', 0),
(2840, 12, '2023-11-26 09:00:00', 0),
(2841, 12, '2023-11-26 10:00:00', 0),
(2842, 12, '2023-11-26 11:00:00', 0),
(2843, 12, '2023-11-26 12:00:00', 0),
(2844, 12, '2023-11-26 13:00:00', 0),
(2845, 12, '2023-11-26 14:00:00', 0),
(2846, 12, '2023-11-26 15:00:00', 0),
(2847, 12, '2023-11-26 16:00:00', 0),
(2848, 12, '2023-11-27 09:00:00', 0),
(2849, 12, '2023-11-27 10:00:00', 0),
(2850, 12, '2023-11-27 11:00:00', 0),
(2851, 12, '2023-11-27 12:00:00', 0),
(2852, 12, '2023-11-27 13:00:00', 0),
(2853, 12, '2023-11-27 14:00:00', 0),
(2854, 12, '2023-11-27 15:00:00', 0),
(2855, 12, '2023-11-27 16:00:00', 0),
(2856, 12, '2023-11-28 09:00:00', 0),
(2857, 12, '2023-11-28 10:00:00', 0),
(2858, 12, '2023-11-28 11:00:00', 0),
(2859, 12, '2023-11-28 12:00:00', 0),
(2860, 12, '2023-11-28 13:00:00', 0),
(2861, 12, '2023-11-28 14:00:00', 0),
(2862, 12, '2023-11-28 15:00:00', 0),
(2863, 12, '2023-11-28 16:00:00', 0),
(2864, 12, '2023-11-29 09:00:00', 0),
(2865, 12, '2023-11-29 10:00:00', 0);
INSERT INTO `timeslots` (`SlotID`, `DentistID`, `SlotDateTime`, `IsBooked`) VALUES
(2866, 12, '2023-11-29 11:00:00', 0),
(2867, 12, '2023-11-29 12:00:00', 0),
(2868, 12, '2023-11-29 13:00:00', 0),
(2869, 12, '2023-11-29 14:00:00', 0),
(2870, 12, '2023-11-29 15:00:00', 0),
(2871, 12, '2023-11-29 16:00:00', 0),
(2872, 12, '2023-11-30 09:00:00', 0),
(2873, 12, '2023-11-30 10:00:00', 0),
(2874, 12, '2023-11-30 11:00:00', 0),
(2875, 12, '2023-11-30 12:00:00', 0),
(2876, 12, '2023-11-30 13:00:00', 0),
(2877, 12, '2023-11-30 14:00:00', 0),
(2878, 12, '2023-11-30 15:00:00', 0),
(2879, 12, '2023-11-30 16:00:00', 0),
(2880, 12, '2023-12-01 09:00:00', 0),
(2881, 12, '2023-12-01 10:00:00', 0),
(2882, 12, '2023-12-01 11:00:00', 0),
(2883, 12, '2023-12-01 12:00:00', 0),
(2884, 12, '2023-12-01 13:00:00', 0),
(2885, 12, '2023-12-01 14:00:00', 0),
(2886, 12, '2023-12-01 15:00:00', 0),
(2887, 12, '2023-12-01 16:00:00', 0),
(2888, 12, '2023-12-02 09:00:00', 0),
(2889, 12, '2023-12-02 10:00:00', 0),
(2890, 12, '2023-12-02 11:00:00', 0),
(2891, 12, '2023-12-02 12:00:00', 0),
(2892, 12, '2023-12-02 13:00:00', 0),
(2893, 12, '2023-12-02 14:00:00', 0),
(2894, 12, '2023-12-02 15:00:00', 0),
(2895, 12, '2023-12-02 16:00:00', 0),
(2896, 12, '2023-12-03 09:00:00', 0),
(2897, 12, '2023-12-03 10:00:00', 0),
(2898, 12, '2023-12-03 11:00:00', 0),
(2899, 12, '2023-12-03 12:00:00', 0),
(2900, 12, '2023-12-03 13:00:00', 0),
(2901, 12, '2023-12-03 14:00:00', 0),
(2902, 12, '2023-12-03 15:00:00', 0),
(2903, 12, '2023-12-03 16:00:00', 0),
(2904, 12, '2023-12-04 09:00:00', 0),
(2905, 12, '2023-12-04 10:00:00', 0),
(2906, 12, '2023-12-04 11:00:00', 0),
(2907, 12, '2023-12-04 12:00:00', 0),
(2908, 12, '2023-12-04 13:00:00', 0),
(2909, 12, '2023-12-04 14:00:00', 0),
(2910, 12, '2023-12-04 15:00:00', 0),
(2911, 12, '2023-12-04 16:00:00', 0),
(2912, 12, '2023-12-05 09:00:00', 0),
(2913, 12, '2023-12-05 10:00:00', 0),
(2914, 12, '2023-12-05 11:00:00', 0),
(2915, 12, '2023-12-05 12:00:00', 0),
(2916, 12, '2023-12-05 13:00:00', 0),
(2917, 12, '2023-12-05 14:00:00', 0),
(2918, 12, '2023-12-05 15:00:00', 0),
(2919, 12, '2023-12-05 16:00:00', 0),
(2920, 12, '2023-12-06 09:00:00', 0),
(2921, 12, '2023-12-06 10:00:00', 0),
(2922, 12, '2023-12-06 11:00:00', 0),
(2923, 12, '2023-12-06 12:00:00', 0),
(2924, 12, '2023-12-06 13:00:00', 0),
(2925, 12, '2023-12-06 14:00:00', 0),
(2926, 12, '2023-12-06 15:00:00', 0),
(2927, 12, '2023-12-06 16:00:00', 0),
(2928, 12, '2023-12-07 09:00:00', 0),
(2929, 12, '2023-12-07 10:00:00', 0),
(2930, 12, '2023-12-07 11:00:00', 0),
(2931, 12, '2023-12-07 12:00:00', 0),
(2932, 12, '2023-12-07 13:00:00', 0),
(2933, 12, '2023-12-07 14:00:00', 0),
(2934, 12, '2023-12-07 15:00:00', 0),
(2935, 12, '2023-12-07 16:00:00', 0),
(2936, 12, '2023-12-08 09:00:00', 0),
(2937, 12, '2023-12-08 10:00:00', 0),
(2938, 12, '2023-12-08 11:00:00', 0),
(2939, 12, '2023-12-08 12:00:00', 0),
(2940, 12, '2023-12-08 13:00:00', 0),
(2941, 12, '2023-12-08 14:00:00', 0),
(2942, 12, '2023-12-08 15:00:00', 0),
(2943, 12, '2023-12-08 16:00:00', 0),
(2944, 12, '2023-12-09 09:00:00', 0),
(2945, 12, '2023-12-09 10:00:00', 0),
(2946, 12, '2023-12-09 11:00:00', 0),
(2947, 12, '2023-12-09 12:00:00', 0),
(2948, 12, '2023-12-09 13:00:00', 0),
(2949, 12, '2023-12-09 14:00:00', 0),
(2950, 12, '2023-12-09 15:00:00', 0),
(2951, 12, '2023-12-09 16:00:00', 0),
(2952, 12, '2023-12-10 09:00:00', 0),
(2953, 12, '2023-12-10 10:00:00', 0),
(2954, 12, '2023-12-10 11:00:00', 0),
(2955, 12, '2023-12-10 12:00:00', 0),
(2956, 12, '2023-12-10 13:00:00', 0),
(2957, 12, '2023-12-10 14:00:00', 0),
(2958, 12, '2023-12-10 15:00:00', 0),
(2959, 12, '2023-12-10 16:00:00', 0),
(2960, 12, '2023-12-11 09:00:00', 0),
(2961, 12, '2023-12-11 10:00:00', 0),
(2962, 12, '2023-12-11 11:00:00', 0),
(2963, 12, '2023-12-11 12:00:00', 0),
(2964, 12, '2023-12-11 13:00:00', 0),
(2965, 12, '2023-12-11 14:00:00', 0),
(2966, 12, '2023-12-11 15:00:00', 0),
(2967, 12, '2023-12-11 16:00:00', 0),
(2968, 12, '2023-12-12 09:00:00', 0),
(2969, 12, '2023-12-12 10:00:00', 0),
(2970, 12, '2023-12-12 11:00:00', 0),
(2971, 12, '2023-12-12 12:00:00', 0),
(2972, 12, '2023-12-12 13:00:00', 0),
(2973, 12, '2023-12-12 14:00:00', 0),
(2974, 12, '2023-12-12 15:00:00', 0),
(2975, 12, '2023-12-12 16:00:00', 0),
(2976, 12, '2023-12-13 09:00:00', 0),
(2977, 12, '2023-12-13 10:00:00', 0),
(2978, 12, '2023-12-13 11:00:00', 0),
(2979, 12, '2023-12-13 12:00:00', 0),
(2980, 12, '2023-12-13 13:00:00', 0),
(2981, 12, '2023-12-13 14:00:00', 0),
(2982, 12, '2023-12-13 15:00:00', 0),
(2983, 12, '2023-12-13 16:00:00', 0),
(2984, 12, '2023-12-14 09:00:00', 0),
(2985, 12, '2023-12-14 10:00:00', 0),
(2986, 12, '2023-12-14 11:00:00', 0),
(2987, 12, '2023-12-14 12:00:00', 0),
(2988, 12, '2023-12-14 13:00:00', 0),
(2989, 12, '2023-12-14 14:00:00', 0),
(2990, 12, '2023-12-14 15:00:00', 0),
(2991, 12, '2023-12-14 16:00:00', 0),
(2992, 13, '2023-11-14 09:00:00', 0),
(2993, 13, '2023-11-14 10:00:00', 0),
(2994, 13, '2023-11-14 11:00:00', 0),
(2995, 13, '2023-11-14 12:00:00', 0),
(2996, 13, '2023-11-14 13:00:00', 0),
(2997, 13, '2023-11-14 14:00:00', 0),
(2998, 13, '2023-11-14 15:00:00', 0),
(2999, 13, '2023-11-14 16:00:00', 0),
(3000, 13, '2023-11-15 09:00:00', 0),
(3001, 13, '2023-11-15 10:00:00', 0),
(3002, 13, '2023-11-15 11:00:00', 0),
(3003, 13, '2023-11-15 12:00:00', 0),
(3004, 13, '2023-11-15 13:00:00', 0),
(3005, 13, '2023-11-15 14:00:00', 0),
(3006, 13, '2023-11-15 15:00:00', 0),
(3007, 13, '2023-11-15 16:00:00', 0),
(3008, 13, '2023-11-16 09:00:00', 1),
(3009, 13, '2023-11-16 10:00:00', 0),
(3010, 13, '2023-11-16 11:00:00', 0),
(3011, 13, '2023-11-16 12:00:00', 0),
(3012, 13, '2023-11-16 13:00:00', 0),
(3013, 13, '2023-11-16 14:00:00', 0),
(3014, 13, '2023-11-16 15:00:00', 0),
(3015, 13, '2023-11-16 16:00:00', 0),
(3016, 13, '2023-11-17 09:00:00', 0),
(3017, 13, '2023-11-17 10:00:00', 0),
(3018, 13, '2023-11-17 11:00:00', 0),
(3019, 13, '2023-11-17 12:00:00', 0),
(3020, 13, '2023-11-17 13:00:00', 0),
(3021, 13, '2023-11-17 14:00:00', 0),
(3022, 13, '2023-11-17 15:00:00', 0),
(3023, 13, '2023-11-17 16:00:00', 0),
(3024, 13, '2023-11-18 09:00:00', 0),
(3025, 13, '2023-11-18 10:00:00', 0),
(3026, 13, '2023-11-18 11:00:00', 0),
(3027, 13, '2023-11-18 12:00:00', 0),
(3028, 13, '2023-11-18 13:00:00', 0),
(3029, 13, '2023-11-18 14:00:00', 0),
(3030, 13, '2023-11-18 15:00:00', 0),
(3031, 13, '2023-11-18 16:00:00', 0),
(3032, 13, '2023-11-19 09:00:00', 0),
(3033, 13, '2023-11-19 10:00:00', 0),
(3034, 13, '2023-11-19 11:00:00', 0),
(3035, 13, '2023-11-19 12:00:00', 0),
(3036, 13, '2023-11-19 13:00:00', 0),
(3037, 13, '2023-11-19 14:00:00', 0),
(3038, 13, '2023-11-19 15:00:00', 0),
(3039, 13, '2023-11-19 16:00:00', 0),
(3040, 13, '2023-11-20 09:00:00', 0),
(3041, 13, '2023-11-20 10:00:00', 0),
(3042, 13, '2023-11-20 11:00:00', 0),
(3043, 13, '2023-11-20 12:00:00', 0),
(3044, 13, '2023-11-20 13:00:00', 0),
(3045, 13, '2023-11-20 14:00:00', 0),
(3046, 13, '2023-11-20 15:00:00', 0),
(3047, 13, '2023-11-20 16:00:00', 0),
(3048, 13, '2023-11-21 09:00:00', 0),
(3049, 13, '2023-11-21 10:00:00', 0),
(3050, 13, '2023-11-21 11:00:00', 0),
(3051, 13, '2023-11-21 12:00:00', 0),
(3052, 13, '2023-11-21 13:00:00', 0),
(3053, 13, '2023-11-21 14:00:00', 0),
(3054, 13, '2023-11-21 15:00:00', 0),
(3055, 13, '2023-11-21 16:00:00', 0),
(3056, 13, '2023-11-22 09:00:00', 0),
(3057, 13, '2023-11-22 10:00:00', 0),
(3058, 13, '2023-11-22 11:00:00', 0),
(3059, 13, '2023-11-22 12:00:00', 0),
(3060, 13, '2023-11-22 13:00:00', 0),
(3061, 13, '2023-11-22 14:00:00', 0),
(3062, 13, '2023-11-22 15:00:00', 0),
(3063, 13, '2023-11-22 16:00:00', 0),
(3064, 13, '2023-11-23 09:00:00', 0),
(3065, 13, '2023-11-23 10:00:00', 0),
(3066, 13, '2023-11-23 11:00:00', 0),
(3067, 13, '2023-11-23 12:00:00', 0),
(3068, 13, '2023-11-23 13:00:00', 0),
(3069, 13, '2023-11-23 14:00:00', 0),
(3070, 13, '2023-11-23 15:00:00', 0),
(3071, 13, '2023-11-23 16:00:00', 0),
(3072, 13, '2023-11-24 09:00:00', 0),
(3073, 13, '2023-11-24 10:00:00', 0),
(3074, 13, '2023-11-24 11:00:00', 0),
(3075, 13, '2023-11-24 12:00:00', 0),
(3076, 13, '2023-11-24 13:00:00', 0),
(3077, 13, '2023-11-24 14:00:00', 0),
(3078, 13, '2023-11-24 15:00:00', 0),
(3079, 13, '2023-11-24 16:00:00', 0),
(3080, 13, '2023-11-25 09:00:00', 0),
(3081, 13, '2023-11-25 10:00:00', 0),
(3082, 13, '2023-11-25 11:00:00', 0),
(3083, 13, '2023-11-25 12:00:00', 0),
(3084, 13, '2023-11-25 13:00:00', 0),
(3085, 13, '2023-11-25 14:00:00', 0),
(3086, 13, '2023-11-25 15:00:00', 0),
(3087, 13, '2023-11-25 16:00:00', 0),
(3088, 13, '2023-11-26 09:00:00', 0),
(3089, 13, '2023-11-26 10:00:00', 0),
(3090, 13, '2023-11-26 11:00:00', 0),
(3091, 13, '2023-11-26 12:00:00', 0),
(3092, 13, '2023-11-26 13:00:00', 0),
(3093, 13, '2023-11-26 14:00:00', 0),
(3094, 13, '2023-11-26 15:00:00', 0),
(3095, 13, '2023-11-26 16:00:00', 0),
(3096, 13, '2023-11-27 09:00:00', 0),
(3097, 13, '2023-11-27 10:00:00', 0),
(3098, 13, '2023-11-27 11:00:00', 0),
(3099, 13, '2023-11-27 12:00:00', 0),
(3100, 13, '2023-11-27 13:00:00', 0),
(3101, 13, '2023-11-27 14:00:00', 0),
(3102, 13, '2023-11-27 15:00:00', 0),
(3103, 13, '2023-11-27 16:00:00', 0),
(3104, 13, '2023-11-28 09:00:00', 0),
(3105, 13, '2023-11-28 10:00:00', 0),
(3106, 13, '2023-11-28 11:00:00', 0),
(3107, 13, '2023-11-28 12:00:00', 0),
(3108, 13, '2023-11-28 13:00:00', 0),
(3109, 13, '2023-11-28 14:00:00', 0),
(3110, 13, '2023-11-28 15:00:00', 0),
(3111, 13, '2023-11-28 16:00:00', 0),
(3112, 13, '2023-11-29 09:00:00', 0),
(3113, 13, '2023-11-29 10:00:00', 0),
(3114, 13, '2023-11-29 11:00:00', 0),
(3115, 13, '2023-11-29 12:00:00', 0),
(3116, 13, '2023-11-29 13:00:00', 0),
(3117, 13, '2023-11-29 14:00:00', 0),
(3118, 13, '2023-11-29 15:00:00', 0),
(3119, 13, '2023-11-29 16:00:00', 0),
(3120, 13, '2023-11-30 09:00:00', 0),
(3121, 13, '2023-11-30 10:00:00', 0),
(3122, 13, '2023-11-30 11:00:00', 0),
(3123, 13, '2023-11-30 12:00:00', 0),
(3124, 13, '2023-11-30 13:00:00', 0),
(3125, 13, '2023-11-30 14:00:00', 0),
(3126, 13, '2023-11-30 15:00:00', 0),
(3127, 13, '2023-11-30 16:00:00', 0),
(3128, 13, '2023-12-01 09:00:00', 0),
(3129, 13, '2023-12-01 10:00:00', 0),
(3130, 13, '2023-12-01 11:00:00', 0),
(3131, 13, '2023-12-01 12:00:00', 0),
(3132, 13, '2023-12-01 13:00:00', 0),
(3133, 13, '2023-12-01 14:00:00', 0),
(3134, 13, '2023-12-01 15:00:00', 0),
(3135, 13, '2023-12-01 16:00:00', 0),
(3136, 13, '2023-12-02 09:00:00', 0),
(3137, 13, '2023-12-02 10:00:00', 0),
(3138, 13, '2023-12-02 11:00:00', 0),
(3139, 13, '2023-12-02 12:00:00', 0),
(3140, 13, '2023-12-02 13:00:00', 0),
(3141, 13, '2023-12-02 14:00:00', 0),
(3142, 13, '2023-12-02 15:00:00', 0),
(3143, 13, '2023-12-02 16:00:00', 0),
(3144, 13, '2023-12-03 09:00:00', 0),
(3145, 13, '2023-12-03 10:00:00', 0),
(3146, 13, '2023-12-03 11:00:00', 0),
(3147, 13, '2023-12-03 12:00:00', 0),
(3148, 13, '2023-12-03 13:00:00', 0),
(3149, 13, '2023-12-03 14:00:00', 0),
(3150, 13, '2023-12-03 15:00:00', 0),
(3151, 13, '2023-12-03 16:00:00', 0),
(3152, 13, '2023-12-04 09:00:00', 0),
(3153, 13, '2023-12-04 10:00:00', 0),
(3154, 13, '2023-12-04 11:00:00', 0),
(3155, 13, '2023-12-04 12:00:00', 0),
(3156, 13, '2023-12-04 13:00:00', 0),
(3157, 13, '2023-12-04 14:00:00', 0),
(3158, 13, '2023-12-04 15:00:00', 0),
(3159, 13, '2023-12-04 16:00:00', 0),
(3160, 13, '2023-12-05 09:00:00', 0),
(3161, 13, '2023-12-05 10:00:00', 0),
(3162, 13, '2023-12-05 11:00:00', 0),
(3163, 13, '2023-12-05 12:00:00', 0),
(3164, 13, '2023-12-05 13:00:00', 0),
(3165, 13, '2023-12-05 14:00:00', 0),
(3166, 13, '2023-12-05 15:00:00', 0),
(3167, 13, '2023-12-05 16:00:00', 0),
(3168, 13, '2023-12-06 09:00:00', 0),
(3169, 13, '2023-12-06 10:00:00', 0),
(3170, 13, '2023-12-06 11:00:00', 0),
(3171, 13, '2023-12-06 12:00:00', 0),
(3172, 13, '2023-12-06 13:00:00', 0),
(3173, 13, '2023-12-06 14:00:00', 0),
(3174, 13, '2023-12-06 15:00:00', 0),
(3175, 13, '2023-12-06 16:00:00', 0),
(3176, 13, '2023-12-07 09:00:00', 0),
(3177, 13, '2023-12-07 10:00:00', 0),
(3178, 13, '2023-12-07 11:00:00', 0),
(3179, 13, '2023-12-07 12:00:00', 0),
(3180, 13, '2023-12-07 13:00:00', 0),
(3181, 13, '2023-12-07 14:00:00', 0),
(3182, 13, '2023-12-07 15:00:00', 0),
(3183, 13, '2023-12-07 16:00:00', 0),
(3184, 13, '2023-12-08 09:00:00', 0),
(3185, 13, '2023-12-08 10:00:00', 0),
(3186, 13, '2023-12-08 11:00:00', 0),
(3187, 13, '2023-12-08 12:00:00', 0),
(3188, 13, '2023-12-08 13:00:00', 0),
(3189, 13, '2023-12-08 14:00:00', 0),
(3190, 13, '2023-12-08 15:00:00', 0),
(3191, 13, '2023-12-08 16:00:00', 0),
(3192, 13, '2023-12-09 09:00:00', 0),
(3193, 13, '2023-12-09 10:00:00', 0),
(3194, 13, '2023-12-09 11:00:00', 0),
(3195, 13, '2023-12-09 12:00:00', 0),
(3196, 13, '2023-12-09 13:00:00', 0),
(3197, 13, '2023-12-09 14:00:00', 0),
(3198, 13, '2023-12-09 15:00:00', 0),
(3199, 13, '2023-12-09 16:00:00', 0),
(3200, 13, '2023-12-10 09:00:00', 0),
(3201, 13, '2023-12-10 10:00:00', 0),
(3202, 13, '2023-12-10 11:00:00', 0),
(3203, 13, '2023-12-10 12:00:00', 0),
(3204, 13, '2023-12-10 13:00:00', 0),
(3205, 13, '2023-12-10 14:00:00', 0),
(3206, 13, '2023-12-10 15:00:00', 0),
(3207, 13, '2023-12-10 16:00:00', 0),
(3208, 13, '2023-12-11 09:00:00', 0),
(3209, 13, '2023-12-11 10:00:00', 0),
(3210, 13, '2023-12-11 11:00:00', 0),
(3211, 13, '2023-12-11 12:00:00', 0),
(3212, 13, '2023-12-11 13:00:00', 0),
(3213, 13, '2023-12-11 14:00:00', 0),
(3214, 13, '2023-12-11 15:00:00', 0),
(3215, 13, '2023-12-11 16:00:00', 0),
(3216, 13, '2023-12-12 09:00:00', 0),
(3217, 13, '2023-12-12 10:00:00', 0),
(3218, 13, '2023-12-12 11:00:00', 0),
(3219, 13, '2023-12-12 12:00:00', 0),
(3220, 13, '2023-12-12 13:00:00', 0),
(3221, 13, '2023-12-12 14:00:00', 0),
(3222, 13, '2023-12-12 15:00:00', 0),
(3223, 13, '2023-12-12 16:00:00', 0),
(3224, 13, '2023-12-13 09:00:00', 0),
(3225, 13, '2023-12-13 10:00:00', 0),
(3226, 13, '2023-12-13 11:00:00', 0),
(3227, 13, '2023-12-13 12:00:00', 0),
(3228, 13, '2023-12-13 13:00:00', 0),
(3229, 13, '2023-12-13 14:00:00', 0),
(3230, 13, '2023-12-13 15:00:00', 0),
(3231, 13, '2023-12-13 16:00:00', 0),
(3232, 13, '2023-12-14 09:00:00', 0),
(3233, 13, '2023-12-14 10:00:00', 0),
(3234, 13, '2023-12-14 11:00:00', 0),
(3235, 13, '2023-12-14 12:00:00', 0),
(3236, 13, '2023-12-14 13:00:00', 0),
(3237, 13, '2023-12-14 14:00:00', 0),
(3238, 13, '2023-12-14 15:00:00', 0),
(3239, 13, '2023-12-14 16:00:00', 0),
(3240, 14, '2023-11-14 09:00:00', 0),
(3241, 14, '2023-11-14 10:00:00', 0),
(3242, 14, '2023-11-14 11:00:00', 0),
(3243, 14, '2023-11-14 12:00:00', 0),
(3244, 14, '2023-11-14 13:00:00', 0),
(3245, 14, '2023-11-14 14:00:00', 0),
(3246, 14, '2023-11-14 15:00:00', 0),
(3247, 14, '2023-11-14 16:00:00', 0),
(3248, 14, '2023-11-15 09:00:00', 0),
(3249, 14, '2023-11-15 10:00:00', 0),
(3250, 14, '2023-11-15 11:00:00', 0),
(3251, 14, '2023-11-15 12:00:00', 0),
(3252, 14, '2023-11-15 13:00:00', 0),
(3253, 14, '2023-11-15 14:00:00', 0),
(3254, 14, '2023-11-15 15:00:00', 0),
(3255, 14, '2023-11-15 16:00:00', 0),
(3256, 14, '2023-11-16 09:00:00', 0),
(3257, 14, '2023-11-16 10:00:00', 0),
(3258, 14, '2023-11-16 11:00:00', 0),
(3259, 14, '2023-11-16 12:00:00', 0),
(3260, 14, '2023-11-16 13:00:00', 0),
(3261, 14, '2023-11-16 14:00:00', 0),
(3262, 14, '2023-11-16 15:00:00', 0),
(3263, 14, '2023-11-16 16:00:00', 0),
(3264, 14, '2023-11-17 09:00:00', 0),
(3265, 14, '2023-11-17 10:00:00', 0),
(3266, 14, '2023-11-17 11:00:00', 0),
(3267, 14, '2023-11-17 12:00:00', 0),
(3268, 14, '2023-11-17 13:00:00', 0),
(3269, 14, '2023-11-17 14:00:00', 0),
(3270, 14, '2023-11-17 15:00:00', 0),
(3271, 14, '2023-11-17 16:00:00', 0),
(3272, 14, '2023-11-18 09:00:00', 0),
(3273, 14, '2023-11-18 10:00:00', 0),
(3274, 14, '2023-11-18 11:00:00', 0),
(3275, 14, '2023-11-18 12:00:00', 0),
(3276, 14, '2023-11-18 13:00:00', 0),
(3277, 14, '2023-11-18 14:00:00', 0),
(3278, 14, '2023-11-18 15:00:00', 0),
(3279, 14, '2023-11-18 16:00:00', 0),
(3280, 14, '2023-11-19 09:00:00', 0),
(3281, 14, '2023-11-19 10:00:00', 0),
(3282, 14, '2023-11-19 11:00:00', 0),
(3283, 14, '2023-11-19 12:00:00', 0),
(3284, 14, '2023-11-19 13:00:00', 0),
(3285, 14, '2023-11-19 14:00:00', 0),
(3286, 14, '2023-11-19 15:00:00', 0),
(3287, 14, '2023-11-19 16:00:00', 0),
(3288, 14, '2023-11-20 09:00:00', 0),
(3289, 14, '2023-11-20 10:00:00', 0),
(3290, 14, '2023-11-20 11:00:00', 0),
(3291, 14, '2023-11-20 12:00:00', 0),
(3292, 14, '2023-11-20 13:00:00', 0),
(3293, 14, '2023-11-20 14:00:00', 0),
(3294, 14, '2023-11-20 15:00:00', 0),
(3295, 14, '2023-11-20 16:00:00', 0),
(3296, 14, '2023-11-21 09:00:00', 0),
(3297, 14, '2023-11-21 10:00:00', 0),
(3298, 14, '2023-11-21 11:00:00', 0),
(3299, 14, '2023-11-21 12:00:00', 0),
(3300, 14, '2023-11-21 13:00:00', 0),
(3301, 14, '2023-11-21 14:00:00', 0),
(3302, 14, '2023-11-21 15:00:00', 0),
(3303, 14, '2023-11-21 16:00:00', 0),
(3304, 14, '2023-11-22 09:00:00', 0),
(3305, 14, '2023-11-22 10:00:00', 0),
(3306, 14, '2023-11-22 11:00:00', 0),
(3307, 14, '2023-11-22 12:00:00', 0),
(3308, 14, '2023-11-22 13:00:00', 0),
(3309, 14, '2023-11-22 14:00:00', 0),
(3310, 14, '2023-11-22 15:00:00', 0),
(3311, 14, '2023-11-22 16:00:00', 0),
(3312, 14, '2023-11-23 09:00:00', 0),
(3313, 14, '2023-11-23 10:00:00', 0),
(3314, 14, '2023-11-23 11:00:00', 0),
(3315, 14, '2023-11-23 12:00:00', 0),
(3316, 14, '2023-11-23 13:00:00', 0),
(3317, 14, '2023-11-23 14:00:00', 0),
(3318, 14, '2023-11-23 15:00:00', 0),
(3319, 14, '2023-11-23 16:00:00', 0),
(3320, 14, '2023-11-24 09:00:00', 0),
(3321, 14, '2023-11-24 10:00:00', 0),
(3322, 14, '2023-11-24 11:00:00', 0),
(3323, 14, '2023-11-24 12:00:00', 0),
(3324, 14, '2023-11-24 13:00:00', 0),
(3325, 14, '2023-11-24 14:00:00', 0),
(3326, 14, '2023-11-24 15:00:00', 0),
(3327, 14, '2023-11-24 16:00:00', 0),
(3328, 14, '2023-11-25 09:00:00', 0),
(3329, 14, '2023-11-25 10:00:00', 0),
(3330, 14, '2023-11-25 11:00:00', 0),
(3331, 14, '2023-11-25 12:00:00', 0),
(3332, 14, '2023-11-25 13:00:00', 0),
(3333, 14, '2023-11-25 14:00:00', 0),
(3334, 14, '2023-11-25 15:00:00', 0),
(3335, 14, '2023-11-25 16:00:00', 0),
(3336, 14, '2023-11-26 09:00:00', 0),
(3337, 14, '2023-11-26 10:00:00', 0),
(3338, 14, '2023-11-26 11:00:00', 0),
(3339, 14, '2023-11-26 12:00:00', 0),
(3340, 14, '2023-11-26 13:00:00', 0),
(3341, 14, '2023-11-26 14:00:00', 0),
(3342, 14, '2023-11-26 15:00:00', 0),
(3343, 14, '2023-11-26 16:00:00', 0),
(3344, 14, '2023-11-27 09:00:00', 0),
(3345, 14, '2023-11-27 10:00:00', 0),
(3346, 14, '2023-11-27 11:00:00', 0),
(3347, 14, '2023-11-27 12:00:00', 0),
(3348, 14, '2023-11-27 13:00:00', 0),
(3349, 14, '2023-11-27 14:00:00', 0),
(3350, 14, '2023-11-27 15:00:00', 0),
(3351, 14, '2023-11-27 16:00:00', 0),
(3352, 14, '2023-11-28 09:00:00', 0),
(3353, 14, '2023-11-28 10:00:00', 0),
(3354, 14, '2023-11-28 11:00:00', 0),
(3355, 14, '2023-11-28 12:00:00', 0),
(3356, 14, '2023-11-28 13:00:00', 0),
(3357, 14, '2023-11-28 14:00:00', 0),
(3358, 14, '2023-11-28 15:00:00', 0),
(3359, 14, '2023-11-28 16:00:00', 0),
(3360, 14, '2023-11-29 09:00:00', 0),
(3361, 14, '2023-11-29 10:00:00', 0),
(3362, 14, '2023-11-29 11:00:00', 0),
(3363, 14, '2023-11-29 12:00:00', 0),
(3364, 14, '2023-11-29 13:00:00', 0),
(3365, 14, '2023-11-29 14:00:00', 0),
(3366, 14, '2023-11-29 15:00:00', 0),
(3367, 14, '2023-11-29 16:00:00', 0),
(3368, 14, '2023-11-30 09:00:00', 0),
(3369, 14, '2023-11-30 10:00:00', 0),
(3370, 14, '2023-11-30 11:00:00', 0),
(3371, 14, '2023-11-30 12:00:00', 0),
(3372, 14, '2023-11-30 13:00:00', 0),
(3373, 14, '2023-11-30 14:00:00', 0),
(3374, 14, '2023-11-30 15:00:00', 0),
(3375, 14, '2023-11-30 16:00:00', 0),
(3376, 14, '2023-12-01 09:00:00', 0),
(3377, 14, '2023-12-01 10:00:00', 0),
(3378, 14, '2023-12-01 11:00:00', 0),
(3379, 14, '2023-12-01 12:00:00', 0),
(3380, 14, '2023-12-01 13:00:00', 0),
(3381, 14, '2023-12-01 14:00:00', 0),
(3382, 14, '2023-12-01 15:00:00', 0),
(3383, 14, '2023-12-01 16:00:00', 0),
(3384, 14, '2023-12-02 09:00:00', 0),
(3385, 14, '2023-12-02 10:00:00', 0),
(3386, 14, '2023-12-02 11:00:00', 0),
(3387, 14, '2023-12-02 12:00:00', 0),
(3388, 14, '2023-12-02 13:00:00', 0),
(3389, 14, '2023-12-02 14:00:00', 0),
(3390, 14, '2023-12-02 15:00:00', 0),
(3391, 14, '2023-12-02 16:00:00', 0),
(3392, 14, '2023-12-03 09:00:00', 0),
(3393, 14, '2023-12-03 10:00:00', 0),
(3394, 14, '2023-12-03 11:00:00', 0),
(3395, 14, '2023-12-03 12:00:00', 0),
(3396, 14, '2023-12-03 13:00:00', 0),
(3397, 14, '2023-12-03 14:00:00', 0),
(3398, 14, '2023-12-03 15:00:00', 0),
(3399, 14, '2023-12-03 16:00:00', 0),
(3400, 14, '2023-12-04 09:00:00', 0),
(3401, 14, '2023-12-04 10:00:00', 0),
(3402, 14, '2023-12-04 11:00:00', 0),
(3403, 14, '2023-12-04 12:00:00', 0),
(3404, 14, '2023-12-04 13:00:00', 0),
(3405, 14, '2023-12-04 14:00:00', 0),
(3406, 14, '2023-12-04 15:00:00', 0),
(3407, 14, '2023-12-04 16:00:00', 0),
(3408, 14, '2023-12-05 09:00:00', 0),
(3409, 14, '2023-12-05 10:00:00', 0),
(3410, 14, '2023-12-05 11:00:00', 0),
(3411, 14, '2023-12-05 12:00:00', 0),
(3412, 14, '2023-12-05 13:00:00', 0),
(3413, 14, '2023-12-05 14:00:00', 0),
(3414, 14, '2023-12-05 15:00:00', 0),
(3415, 14, '2023-12-05 16:00:00', 0),
(3416, 14, '2023-12-06 09:00:00', 0),
(3417, 14, '2023-12-06 10:00:00', 0),
(3418, 14, '2023-12-06 11:00:00', 0),
(3419, 14, '2023-12-06 12:00:00', 0),
(3420, 14, '2023-12-06 13:00:00', 0),
(3421, 14, '2023-12-06 14:00:00', 0),
(3422, 14, '2023-12-06 15:00:00', 0),
(3423, 14, '2023-12-06 16:00:00', 0),
(3424, 14, '2023-12-07 09:00:00', 0),
(3425, 14, '2023-12-07 10:00:00', 0),
(3426, 14, '2023-12-07 11:00:00', 0),
(3427, 14, '2023-12-07 12:00:00', 0),
(3428, 14, '2023-12-07 13:00:00', 0),
(3429, 14, '2023-12-07 14:00:00', 0),
(3430, 14, '2023-12-07 15:00:00', 0),
(3431, 14, '2023-12-07 16:00:00', 0),
(3432, 14, '2023-12-08 09:00:00', 0),
(3433, 14, '2023-12-08 10:00:00', 0),
(3434, 14, '2023-12-08 11:00:00', 0),
(3435, 14, '2023-12-08 12:00:00', 0),
(3436, 14, '2023-12-08 13:00:00', 0),
(3437, 14, '2023-12-08 14:00:00', 0),
(3438, 14, '2023-12-08 15:00:00', 0),
(3439, 14, '2023-12-08 16:00:00', 0),
(3440, 14, '2023-12-09 09:00:00', 0),
(3441, 14, '2023-12-09 10:00:00', 0),
(3442, 14, '2023-12-09 11:00:00', 0),
(3443, 14, '2023-12-09 12:00:00', 0),
(3444, 14, '2023-12-09 13:00:00', 0),
(3445, 14, '2023-12-09 14:00:00', 0),
(3446, 14, '2023-12-09 15:00:00', 0),
(3447, 14, '2023-12-09 16:00:00', 0),
(3448, 14, '2023-12-10 09:00:00', 0),
(3449, 14, '2023-12-10 10:00:00', 0),
(3450, 14, '2023-12-10 11:00:00', 0),
(3451, 14, '2023-12-10 12:00:00', 0),
(3452, 14, '2023-12-10 13:00:00', 0),
(3453, 14, '2023-12-10 14:00:00', 0),
(3454, 14, '2023-12-10 15:00:00', 0),
(3455, 14, '2023-12-10 16:00:00', 0),
(3456, 14, '2023-12-11 09:00:00', 0),
(3457, 14, '2023-12-11 10:00:00', 0),
(3458, 14, '2023-12-11 11:00:00', 0),
(3459, 14, '2023-12-11 12:00:00', 0),
(3460, 14, '2023-12-11 13:00:00', 0),
(3461, 14, '2023-12-11 14:00:00', 0),
(3462, 14, '2023-12-11 15:00:00', 0),
(3463, 14, '2023-12-11 16:00:00', 0),
(3464, 14, '2023-12-12 09:00:00', 0),
(3465, 14, '2023-12-12 10:00:00', 0),
(3466, 14, '2023-12-12 11:00:00', 0),
(3467, 14, '2023-12-12 12:00:00', 0),
(3468, 14, '2023-12-12 13:00:00', 0),
(3469, 14, '2023-12-12 14:00:00', 0),
(3470, 14, '2023-12-12 15:00:00', 0),
(3471, 14, '2023-12-12 16:00:00', 0),
(3472, 14, '2023-12-13 09:00:00', 0),
(3473, 14, '2023-12-13 10:00:00', 0),
(3474, 14, '2023-12-13 11:00:00', 0),
(3475, 14, '2023-12-13 12:00:00', 0),
(3476, 14, '2023-12-13 13:00:00', 0),
(3477, 14, '2023-12-13 14:00:00', 0),
(3478, 14, '2023-12-13 15:00:00', 0),
(3479, 14, '2023-12-13 16:00:00', 0),
(3480, 14, '2023-12-14 09:00:00', 0),
(3481, 14, '2023-12-14 10:00:00', 0),
(3482, 14, '2023-12-14 11:00:00', 0),
(3483, 14, '2023-12-14 12:00:00', 0),
(3484, 14, '2023-12-14 13:00:00', 0),
(3485, 14, '2023-12-14 14:00:00', 0),
(3486, 14, '2023-12-14 15:00:00', 0),
(3487, 14, '2023-12-14 16:00:00', 0),
(3488, 15, '2023-11-14 09:00:00', 0),
(3489, 15, '2023-11-14 10:00:00', 0),
(3490, 15, '2023-11-14 11:00:00', 0),
(3491, 15, '2023-11-14 12:00:00', 0),
(3492, 15, '2023-11-14 13:00:00', 0),
(3493, 15, '2023-11-14 14:00:00', 0),
(3494, 15, '2023-11-14 15:00:00', 0),
(3495, 15, '2023-11-14 16:00:00', 0),
(3496, 15, '2023-11-15 09:00:00', 0),
(3497, 15, '2023-11-15 10:00:00', 0),
(3498, 15, '2023-11-15 11:00:00', 0),
(3499, 15, '2023-11-15 12:00:00', 0),
(3500, 15, '2023-11-15 13:00:00', 0),
(3501, 15, '2023-11-15 14:00:00', 0),
(3502, 15, '2023-11-15 15:00:00', 0),
(3503, 15, '2023-11-15 16:00:00', 0),
(3504, 15, '2023-11-16 09:00:00', 0),
(3505, 15, '2023-11-16 10:00:00', 0),
(3506, 15, '2023-11-16 11:00:00', 0),
(3507, 15, '2023-11-16 12:00:00', 0),
(3508, 15, '2023-11-16 13:00:00', 0),
(3509, 15, '2023-11-16 14:00:00', 0),
(3510, 15, '2023-11-16 15:00:00', 0),
(3511, 15, '2023-11-16 16:00:00', 0),
(3512, 15, '2023-11-17 09:00:00', 0),
(3513, 15, '2023-11-17 10:00:00', 0),
(3514, 15, '2023-11-17 11:00:00', 0),
(3515, 15, '2023-11-17 12:00:00', 0),
(3516, 15, '2023-11-17 13:00:00', 0),
(3517, 15, '2023-11-17 14:00:00', 0),
(3518, 15, '2023-11-17 15:00:00', 0),
(3519, 15, '2023-11-17 16:00:00', 0),
(3520, 15, '2023-11-18 09:00:00', 0),
(3521, 15, '2023-11-18 10:00:00', 0),
(3522, 15, '2023-11-18 11:00:00', 0),
(3523, 15, '2023-11-18 12:00:00', 0),
(3524, 15, '2023-11-18 13:00:00', 0),
(3525, 15, '2023-11-18 14:00:00', 0),
(3526, 15, '2023-11-18 15:00:00', 0),
(3527, 15, '2023-11-18 16:00:00', 0),
(3528, 15, '2023-11-19 09:00:00', 0),
(3529, 15, '2023-11-19 10:00:00', 0),
(3530, 15, '2023-11-19 11:00:00', 0),
(3531, 15, '2023-11-19 12:00:00', 0),
(3532, 15, '2023-11-19 13:00:00', 0),
(3533, 15, '2023-11-19 14:00:00', 0),
(3534, 15, '2023-11-19 15:00:00', 0),
(3535, 15, '2023-11-19 16:00:00', 0),
(3536, 15, '2023-11-20 09:00:00', 0),
(3537, 15, '2023-11-20 10:00:00', 0),
(3538, 15, '2023-11-20 11:00:00', 0),
(3539, 15, '2023-11-20 12:00:00', 0),
(3540, 15, '2023-11-20 13:00:00', 0),
(3541, 15, '2023-11-20 14:00:00', 0),
(3542, 15, '2023-11-20 15:00:00', 0),
(3543, 15, '2023-11-20 16:00:00', 0),
(3544, 15, '2023-11-21 09:00:00', 0),
(3545, 15, '2023-11-21 10:00:00', 0),
(3546, 15, '2023-11-21 11:00:00', 0),
(3547, 15, '2023-11-21 12:00:00', 0),
(3548, 15, '2023-11-21 13:00:00', 0),
(3549, 15, '2023-11-21 14:00:00', 0),
(3550, 15, '2023-11-21 15:00:00', 0),
(3551, 15, '2023-11-21 16:00:00', 0),
(3552, 15, '2023-11-22 09:00:00', 0),
(3553, 15, '2023-11-22 10:00:00', 0),
(3554, 15, '2023-11-22 11:00:00', 0),
(3555, 15, '2023-11-22 12:00:00', 0),
(3556, 15, '2023-11-22 13:00:00', 0),
(3557, 15, '2023-11-22 14:00:00', 0),
(3558, 15, '2023-11-22 15:00:00', 0),
(3559, 15, '2023-11-22 16:00:00', 0),
(3560, 15, '2023-11-23 09:00:00', 0),
(3561, 15, '2023-11-23 10:00:00', 0),
(3562, 15, '2023-11-23 11:00:00', 0),
(3563, 15, '2023-11-23 12:00:00', 0),
(3564, 15, '2023-11-23 13:00:00', 0),
(3565, 15, '2023-11-23 14:00:00', 0),
(3566, 15, '2023-11-23 15:00:00', 0),
(3567, 15, '2023-11-23 16:00:00', 0),
(3568, 15, '2023-11-24 09:00:00', 0),
(3569, 15, '2023-11-24 10:00:00', 0),
(3570, 15, '2023-11-24 11:00:00', 0),
(3571, 15, '2023-11-24 12:00:00', 0),
(3572, 15, '2023-11-24 13:00:00', 0),
(3573, 15, '2023-11-24 14:00:00', 0),
(3574, 15, '2023-11-24 15:00:00', 0),
(3575, 15, '2023-11-24 16:00:00', 0),
(3576, 15, '2023-11-25 09:00:00', 0),
(3577, 15, '2023-11-25 10:00:00', 0),
(3578, 15, '2023-11-25 11:00:00', 0),
(3579, 15, '2023-11-25 12:00:00', 0),
(3580, 15, '2023-11-25 13:00:00', 0),
(3581, 15, '2023-11-25 14:00:00', 0),
(3582, 15, '2023-11-25 15:00:00', 0),
(3583, 15, '2023-11-25 16:00:00', 0),
(3584, 15, '2023-11-26 09:00:00', 0),
(3585, 15, '2023-11-26 10:00:00', 0),
(3586, 15, '2023-11-26 11:00:00', 0),
(3587, 15, '2023-11-26 12:00:00', 0),
(3588, 15, '2023-11-26 13:00:00', 0),
(3589, 15, '2023-11-26 14:00:00', 0),
(3590, 15, '2023-11-26 15:00:00', 0),
(3591, 15, '2023-11-26 16:00:00', 0),
(3592, 15, '2023-11-27 09:00:00', 0),
(3593, 15, '2023-11-27 10:00:00', 0),
(3594, 15, '2023-11-27 11:00:00', 0),
(3595, 15, '2023-11-27 12:00:00', 0),
(3596, 15, '2023-11-27 13:00:00', 0),
(3597, 15, '2023-11-27 14:00:00', 0),
(3598, 15, '2023-11-27 15:00:00', 0),
(3599, 15, '2023-11-27 16:00:00', 0),
(3600, 15, '2023-11-28 09:00:00', 0),
(3601, 15, '2023-11-28 10:00:00', 0),
(3602, 15, '2023-11-28 11:00:00', 0),
(3603, 15, '2023-11-28 12:00:00', 0),
(3604, 15, '2023-11-28 13:00:00', 0),
(3605, 15, '2023-11-28 14:00:00', 0),
(3606, 15, '2023-11-28 15:00:00', 0),
(3607, 15, '2023-11-28 16:00:00', 0),
(3608, 15, '2023-11-29 09:00:00', 0),
(3609, 15, '2023-11-29 10:00:00', 0),
(3610, 15, '2023-11-29 11:00:00', 0),
(3611, 15, '2023-11-29 12:00:00', 0),
(3612, 15, '2023-11-29 13:00:00', 0),
(3613, 15, '2023-11-29 14:00:00', 0),
(3614, 15, '2023-11-29 15:00:00', 0),
(3615, 15, '2023-11-29 16:00:00', 0),
(3616, 15, '2023-11-30 09:00:00', 0),
(3617, 15, '2023-11-30 10:00:00', 0),
(3618, 15, '2023-11-30 11:00:00', 0),
(3619, 15, '2023-11-30 12:00:00', 0),
(3620, 15, '2023-11-30 13:00:00', 0),
(3621, 15, '2023-11-30 14:00:00', 0),
(3622, 15, '2023-11-30 15:00:00', 0),
(3623, 15, '2023-11-30 16:00:00', 0),
(3624, 15, '2023-12-01 09:00:00', 0),
(3625, 15, '2023-12-01 10:00:00', 0),
(3626, 15, '2023-12-01 11:00:00', 0),
(3627, 15, '2023-12-01 12:00:00', 0),
(3628, 15, '2023-12-01 13:00:00', 0),
(3629, 15, '2023-12-01 14:00:00', 0),
(3630, 15, '2023-12-01 15:00:00', 0),
(3631, 15, '2023-12-01 16:00:00', 0),
(3632, 15, '2023-12-02 09:00:00', 0),
(3633, 15, '2023-12-02 10:00:00', 0),
(3634, 15, '2023-12-02 11:00:00', 0),
(3635, 15, '2023-12-02 12:00:00', 0),
(3636, 15, '2023-12-02 13:00:00', 0),
(3637, 15, '2023-12-02 14:00:00', 0),
(3638, 15, '2023-12-02 15:00:00', 0),
(3639, 15, '2023-12-02 16:00:00', 0),
(3640, 15, '2023-12-03 09:00:00', 0),
(3641, 15, '2023-12-03 10:00:00', 0),
(3642, 15, '2023-12-03 11:00:00', 0),
(3643, 15, '2023-12-03 12:00:00', 0),
(3644, 15, '2023-12-03 13:00:00', 0),
(3645, 15, '2023-12-03 14:00:00', 0),
(3646, 15, '2023-12-03 15:00:00', 0),
(3647, 15, '2023-12-03 16:00:00', 0),
(3648, 15, '2023-12-04 09:00:00', 0),
(3649, 15, '2023-12-04 10:00:00', 0),
(3650, 15, '2023-12-04 11:00:00', 0),
(3651, 15, '2023-12-04 12:00:00', 0),
(3652, 15, '2023-12-04 13:00:00', 0),
(3653, 15, '2023-12-04 14:00:00', 0),
(3654, 15, '2023-12-04 15:00:00', 0),
(3655, 15, '2023-12-04 16:00:00', 0),
(3656, 15, '2023-12-05 09:00:00', 0),
(3657, 15, '2023-12-05 10:00:00', 0),
(3658, 15, '2023-12-05 11:00:00', 0),
(3659, 15, '2023-12-05 12:00:00', 0),
(3660, 15, '2023-12-05 13:00:00', 0),
(3661, 15, '2023-12-05 14:00:00', 0),
(3662, 15, '2023-12-05 15:00:00', 0),
(3663, 15, '2023-12-05 16:00:00', 0),
(3664, 15, '2023-12-06 09:00:00', 0),
(3665, 15, '2023-12-06 10:00:00', 0),
(3666, 15, '2023-12-06 11:00:00', 0),
(3667, 15, '2023-12-06 12:00:00', 0),
(3668, 15, '2023-12-06 13:00:00', 0),
(3669, 15, '2023-12-06 14:00:00', 0),
(3670, 15, '2023-12-06 15:00:00', 0),
(3671, 15, '2023-12-06 16:00:00', 0),
(3672, 15, '2023-12-07 09:00:00', 0),
(3673, 15, '2023-12-07 10:00:00', 0),
(3674, 15, '2023-12-07 11:00:00', 0),
(3675, 15, '2023-12-07 12:00:00', 0),
(3676, 15, '2023-12-07 13:00:00', 0),
(3677, 15, '2023-12-07 14:00:00', 0),
(3678, 15, '2023-12-07 15:00:00', 0),
(3679, 15, '2023-12-07 16:00:00', 0),
(3680, 15, '2023-12-08 09:00:00', 0),
(3681, 15, '2023-12-08 10:00:00', 0),
(3682, 15, '2023-12-08 11:00:00', 0),
(3683, 15, '2023-12-08 12:00:00', 0),
(3684, 15, '2023-12-08 13:00:00', 0),
(3685, 15, '2023-12-08 14:00:00', 0),
(3686, 15, '2023-12-08 15:00:00', 0),
(3687, 15, '2023-12-08 16:00:00', 0),
(3688, 15, '2023-12-09 09:00:00', 0),
(3689, 15, '2023-12-09 10:00:00', 0),
(3690, 15, '2023-12-09 11:00:00', 0),
(3691, 15, '2023-12-09 12:00:00', 0),
(3692, 15, '2023-12-09 13:00:00', 0),
(3693, 15, '2023-12-09 14:00:00', 0),
(3694, 15, '2023-12-09 15:00:00', 0),
(3695, 15, '2023-12-09 16:00:00', 0),
(3696, 15, '2023-12-10 09:00:00', 0),
(3697, 15, '2023-12-10 10:00:00', 0),
(3698, 15, '2023-12-10 11:00:00', 0),
(3699, 15, '2023-12-10 12:00:00', 0),
(3700, 15, '2023-12-10 13:00:00', 0),
(3701, 15, '2023-12-10 14:00:00', 0),
(3702, 15, '2023-12-10 15:00:00', 0),
(3703, 15, '2023-12-10 16:00:00', 0),
(3704, 15, '2023-12-11 09:00:00', 0),
(3705, 15, '2023-12-11 10:00:00', 0),
(3706, 15, '2023-12-11 11:00:00', 0),
(3707, 15, '2023-12-11 12:00:00', 0),
(3708, 15, '2023-12-11 13:00:00', 0),
(3709, 15, '2023-12-11 14:00:00', 0),
(3710, 15, '2023-12-11 15:00:00', 0),
(3711, 15, '2023-12-11 16:00:00', 0),
(3712, 15, '2023-12-12 09:00:00', 0),
(3713, 15, '2023-12-12 10:00:00', 0),
(3714, 15, '2023-12-12 11:00:00', 0),
(3715, 15, '2023-12-12 12:00:00', 0),
(3716, 15, '2023-12-12 13:00:00', 0),
(3717, 15, '2023-12-12 14:00:00', 0),
(3718, 15, '2023-12-12 15:00:00', 0),
(3719, 15, '2023-12-12 16:00:00', 0),
(3720, 15, '2023-12-13 09:00:00', 0),
(3721, 15, '2023-12-13 10:00:00', 0),
(3722, 15, '2023-12-13 11:00:00', 0),
(3723, 15, '2023-12-13 12:00:00', 0),
(3724, 15, '2023-12-13 13:00:00', 0),
(3725, 15, '2023-12-13 14:00:00', 0),
(3726, 15, '2023-12-13 15:00:00', 0),
(3727, 15, '2023-12-13 16:00:00', 0),
(3728, 15, '2023-12-14 09:00:00', 0),
(3729, 15, '2023-12-14 10:00:00', 0),
(3730, 15, '2023-12-14 11:00:00', 0),
(3731, 15, '2023-12-14 12:00:00', 0),
(3732, 15, '2023-12-14 13:00:00', 0),
(3733, 15, '2023-12-14 14:00:00', 0),
(3734, 15, '2023-12-14 15:00:00', 0),
(3735, 15, '2023-12-14 16:00:00', 0);

--
-- Indexes for dumped tables
--

--
-- Indexes for table `appointments`
--
ALTER TABLE `appointments`
  ADD PRIMARY KEY (`AppointmentID`),
  ADD KEY `PatientID` (`PatientID`),
  ADD KEY `ServiceID` (`ServiceID`),
  ADD KEY `SlotID` (`SlotID`);

--
-- Indexes for table `dentists`
--
ALTER TABLE `dentists`
  ADD PRIMARY KEY (`DentistID`),
  ADD UNIQUE KEY `Email` (`Email`);

--
-- Indexes for table `dentistservices`
--
ALTER TABLE `dentistservices`
  ADD PRIMARY KEY (`DentistID`,`ServiceID`),
  ADD KEY `ServiceID` (`ServiceID`);

--
-- Indexes for table `patients`
--
ALTER TABLE `patients`
  ADD PRIMARY KEY (`PatientID`),
  ADD UNIQUE KEY `Email` (`Email`);

--
-- Indexes for table `services`
--
ALTER TABLE `services`
  ADD PRIMARY KEY (`ServiceID`);

--
-- Indexes for table `timeslots`
--
ALTER TABLE `timeslots`
  ADD PRIMARY KEY (`SlotID`),
  ADD KEY `DentistID` (`DentistID`);

--
-- AUTO_INCREMENT for dumped tables
--

--
-- AUTO_INCREMENT for table `appointments`
--
ALTER TABLE `appointments`
  MODIFY `AppointmentID` int(11) NOT NULL AUTO_INCREMENT, AUTO_INCREMENT=17;

--
-- AUTO_INCREMENT for table `dentists`
--
ALTER TABLE `dentists`
  MODIFY `DentistID` int(11) NOT NULL AUTO_INCREMENT, AUTO_INCREMENT=6005;

--
-- AUTO_INCREMENT for table `patients`
--
ALTER TABLE `patients`
  MODIFY `PatientID` int(11) NOT NULL AUTO_INCREMENT, AUTO_INCREMENT=40;

--
-- AUTO_INCREMENT for table `services`
--
ALTER TABLE `services`
  MODIFY `ServiceID` int(11) NOT NULL AUTO_INCREMENT, AUTO_INCREMENT=16;

--
-- AUTO_INCREMENT for table `timeslots`
--
ALTER TABLE `timeslots`
  MODIFY `SlotID` int(11) NOT NULL AUTO_INCREMENT, AUTO_INCREMENT=3736;

--
-- Constraints for dumped tables
--

--
-- Constraints for table `appointments`
--
ALTER TABLE `appointments`
  ADD CONSTRAINT `appointments_ibfk_1` FOREIGN KEY (`PatientID`) REFERENCES `patients` (`PatientID`),
  ADD CONSTRAINT `appointments_ibfk_2` FOREIGN KEY (`ServiceID`) REFERENCES `services` (`ServiceID`),
  ADD CONSTRAINT `appointments_ibfk_3` FOREIGN KEY (`SlotID`) REFERENCES `timeslots` (`SlotID`);

--
-- Constraints for table `dentistservices`
--
ALTER TABLE `dentistservices`
  ADD CONSTRAINT `dentistservices_ibfk_1` FOREIGN KEY (`DentistID`) REFERENCES `dentists` (`DentistID`),
  ADD CONSTRAINT `dentistservices_ibfk_2` FOREIGN KEY (`ServiceID`) REFERENCES `services` (`ServiceID`);

--
-- Constraints for table `timeslots`
--
ALTER TABLE `timeslots`
  ADD CONSTRAINT `timeslots_ibfk_1` FOREIGN KEY (`DentistID`) REFERENCES `dentists` (`DentistID`);
COMMIT;

/*!40101 SET CHARACTER_SET_CLIENT=@OLD_CHARACTER_SET_CLIENT */;
/*!40101 SET CHARACTER_SET_RESULTS=@OLD_CHARACTER_SET_RESULTS */;
/*!40101 SET COLLATION_CONNECTION=@OLD_COLLATION_CONNECTION */;
